FootnoteUrn,Scholion,TextUrn,Image,Number,Folio,SequenceOnFolio
urn:cite:hmt:e3footnotes.11-1,urn:cts:greekLit:tlg5026.e3.hmt:11.1,urn:cts:greekLit:tlg0012.tlg001.e3:11.1@ἠὼς,"urn:cite:hmt:e3bifolio.E3_136v_137r@0.2303,0.3396,0.0158,0.0167",1,urn:cite:hmt:e3bifolio.E3_136v_137r,1
urn:cite:hmt:e3footnotes.11-2,urn:cts:greekLit:tlg5026.e3.hmt:11.2,urn:cts:greekLit:tlg0012.tlg001.e3:11.1@Τιθωνοῖο,"urn:cite:hmt:e3bifolio.E3_136v_137r@0.3779,0.3498,0.0158,0.0167",2,urn:cite:hmt:e3bifolio.E3_136v_137r,2
urn:cite:hmt:e3footnotes.11-3,urn:cts:greekLit:tlg5026.e3.hmt:11.4,urn:cts:greekLit:tlg0012.tlg001.e3:11.2@ἀθανάτοισι,"urn:cite:hmt:e3bifolio.E3_136v_137r@0.2793,0.3633,0.0158,0.0167",4,urn:cite:hmt:e3bifolio.E3_136v_137r,3
urn:cite:hmt:e3footnotes.11-4,urn:cts:greekLit:tlg5026.e3.hmt:11.3,urn:cts:greekLit:tlg0012.tlg001.e3:11.3@Ἔριδα,"urn:cite:hmt:e3bifolio.E3_136v_137r@0.2712,0.3792,0.0158,0.0167",3,urn:cite:hmt:e3bifolio.E3_136v_137r,4
urn:cite:hmt:e3footnotes.11-5,,urn:cts:greekLit:tlg0012.tlg001.e3:11.5@Ὀδυσσῆος,"urn:cite:hmt:e3bifolio.E3_136v_137r@0.2725,0.4135,0.0158,0.0167",5,urn:cite:hmt:e3bifolio.E3_136v_137r,5
urn:cite:hmt:e3footnotes.11-6,,urn:cts:greekLit:tlg0012.tlg001.e3:11.8@ἐπ᾽ Ἀχιλλῆος,"urn:cite:hmt:e3bifolio.E3_136v_137r@0.2573,0.4673,0.0158,0.0167",6,urn:cite:hmt:e3bifolio.E3_136v_137r,6
urn:cite:hmt:e3footnotes.11-7,,urn:cts:greekLit:tlg0012.tlg001.e3:11.11@Ἀχαιοῖσι,"urn:cite:hmt:e3bifolio.E3_136v_137r@0.278,0.52,0.0158,0.0167",7,urn:cite:hmt:e3bifolio.E3_136v_137r,7
urn:cite:hmt:e3footnotes.11-8,urn:cts:greekLit:tlg5026.e3.hmt:11.5,urn:cts:greekLit:tlg0012.tlg001.e3:11.13@ἄφαρ,"urn:cite:hmt:e3bifolio.E3_136v_137r@0.2695,0.5563,0.0136,0.0139",8,urn:cite:hmt:e3bifolio.E3_136v_137r,8
urn:cite:hmt:e3footnotes.11-9,urn:cts:greekLit:tlg5026.e3.hmt:11.6,urn:cts:greekLit:tlg0012.tlg001.e3:11.16@ἐδύσετο,"urn:cite:hmt:e3bifolio.E3_136v_137r@0.3215,0.6065,0.0133,0.0118",9,urn:cite:hmt:e3bifolio.E3_136v_137r,9
urn:cite:hmt:e3footnotes.11-10,urn:cts:greekLit:tlg5026.e3.hmt:11.7,urn:cts:greekLit:tlg0012.tlg001.e3:11.20@Κινύρης,"urn:cite:hmt:e3bifolio.E3_136v_137r@0.2811,0.6773,0.0133,0.0126",10,urn:cite:hmt:e3bifolio.E3_136v_137r,10
urn:cite:hmt:e3footnotes.11-11,urn:cts:greekLit:tlg5026.e3.hmt:11.8,urn:cts:greekLit:tlg0012.tlg001.e3:11.24@οἶμοι,"urn:cite:hmt:e3bifolio.E3_136v_137r@0.5643,0.3297,0.0136,0.0156",11,urn:cite:hmt:e3bifolio.E3_136v_137r,11
urn:cite:hmt:e3footnotes.11-12,urn:cts:greekLit:tlg5026.e3.hmt:11.9,urn:cts:greekLit:tlg0012.tlg001.e3:11.26@δράκοντες,"urn:cite:hmt:e3bifolio.E3_136v_137r@0.5658,0.3622,0.0136,0.0156",12,urn:cite:hmt:e3bifolio.E3_136v_137r,12
urn:cite:hmt:e3footnotes.11-13,urn:cts:greekLit:tlg5026.e3.hmt:11.10,urn:cts:greekLit:tlg0012.tlg001.e3:11.27@ἴρισσιν,"urn:cite:hmt:e3bifolio.E3_136v_137r@0.5551,0.3804,0.0136,0.0156",13,urn:cite:hmt:e3bifolio.E3_136v_137r,13
urn:cite:hmt:e3footnotes.11-14,urn:cts:greekLit:tlg5026.e3.hmt:11.11,urn:cts:greekLit:tlg0012.tlg001.e3:11.28@τέρας,"urn:cite:hmt:e3bifolio.E3_136v_137r@0.5793,0.3978,0.0136,0.0156",14,urn:cite:hmt:e3bifolio.E3_136v_137r,14
urn:cite:hmt:e3footnotes.11-15,urn:cts:greekLit:tlg5026.e3.hmt:11.12,urn:cts:greekLit:tlg0012.tlg001.e3:11.36@Γοργὼ,"urn:cite:hmt:e3bifolio.E3_136v_137r@0.5528,0.5356,0.0136,0.0156",15,urn:cite:hmt:e3bifolio.E3_136v_137r,15
urn:cite:hmt:e3footnotes.11-16,urn:cts:greekLit:tlg5026.e3.hmt:11.13,urn:cts:greekLit:tlg0012.tlg001.e3:11.40@ἀμφιστρεφέες,"urn:cite:hmt:e3bifolio.E3_136v_137r@0.5253,0.6028,0.0136,0.0156",16,urn:cite:hmt:e3bifolio.E3_136v_137r,16
urn:cite:hmt:e3footnotes.11-17,urn:cts:greekLit:tlg5026.e3.hmt:11.14,urn:cts:greekLit:tlg0012.tlg001.e3:11.45@ἐγδούπησαν,"urn:cite:hmt:e3bifolio.E3_136v_137r@0.5675,0.6864,0.0136,0.0156",17,urn:cite:hmt:e3bifolio.E3_136v_137r,17
urn:cite:hmt:e3footnotes.11-18,urn:cts:greekLit:tlg5026.e3.hmt:11.15,urn:cts:greekLit:tlg0012.tlg001.e3:11.48@κόσμον,"IMG",1,urn:cite:hmt:e3bifolio.E3_137v_138r,1
urn:cite:hmt:e3footnotes.11-19,urn:cts:greekLit:tlg5026.e3.hmt:11.16,urn:cts:greekLit:tlg0012.tlg001.e3:11.51@φθὰν,"IMG",2,urn:cite:hmt:e3bifolio.E3_137v_138r,2
urn:cite:hmt:e3footnotes.11-20,urn:cts:greekLit:tlg5026.e3.hmt:11.17,urn:cts:greekLit:tlg0012.tlg001.e3:11.53@Κρονίδης,"IMG",3,urn:cite:hmt:e3bifolio.E3_137v_138r,3
urn:cite:hmt:e3footnotes.11-21,urn:cts:greekLit:tlg5026.e3.hmt:11.18,urn:cts:greekLit:tlg0012.tlg001.e3:11.54@αἰθέρος,"IMG",4,urn:cite:hmt:e3bifolio.E3_137v_138r,4
urn:cite:hmt:e3footnotes.11-22,urn:cts:greekLit:tlg5026.e3.hmt:11.19,urn:cts:greekLit:tlg0012.tlg001.e3:11.57@μέγαν,"IMG",5,urn:cite:hmt:e3bifolio.E3_137v_138r,5
urn:cite:hmt:e3footnotes.11-23,urn:cts:greekLit:tlg5026.e3.hmt:11.20,urn:cts:greekLit:tlg0012.tlg001.e3:11.61@ἀσπίδα,"IMG",6,urn:cite:hmt:e3bifolio.E3_137v_138r,6
urn:cite:hmt:e3footnotes.11-24,urn:cts:greekLit:tlg5026.e3.hmt:11.21,urn:cts:greekLit:tlg0012.tlg001.e3:11.62@νεφέων,"IMG",7,urn:cite:hmt:e3bifolio.E3_137v_138r,7
urn:cite:hmt:e3footnotes.11-25,urn:cts:greekLit:tlg5026.e3.hmt:11.22,urn:cts:greekLit:tlg0012.tlg001.e3:11.67@ἀμητῆρες,"IMG",8,urn:cite:hmt:e3bifolio.E3_137v_138r,8
urn:cite:hmt:e3footnotes.11-26,urn:cts:greekLit:tlg5026.e3.hmt:11.23,urn:cts:greekLit:tlg0012.tlg001.e3:11.68@ὄγμον,"IMG",9,urn:cite:hmt:e3bifolio.E3_137v_138r,9
urn:cite:hmt:e3footnotes.11-27,urn:cts:greekLit:tlg5026.e3.hmt:11.24,urn:cts:greekLit:tlg0012.tlg001.e3:11.69@ταρφέα,"IMG",10,urn:cite:hmt:e3bifolio.E3_137v_138r,10
urn:cite:hmt:e3footnotes.11-28,urn:cts:greekLit:tlg5026.e3.hmt:11.25,urn:cts:greekLit:tlg0012.tlg001.e3:11.72@ὑσμίνη,"IMG",11,urn:cite:hmt:e3bifolio.E3_137v_138r,11
urn:cite:hmt:e3footnotes.11-29,urn:cts:greekLit:tlg5026.e3.hmt:11.26,urn:cts:greekLit:tlg0012.tlg001.e3:11.76@καθήατο,"IMG",12,urn:cite:hmt:e3bifolio.E3_137v_138r,12
urn:cite:hmt:e3footnotes.11-30,urn:cts:greekLit:tlg5026.e3.hmt:11.27,urn:cts:greekLit:tlg0012.tlg001.e3:11.84@ἱερὸν,"IMG",13,urn:cite:hmt:e3bifolio.E3_137v_138r,13
urn:cite:hmt:e3footnotes.11-31,urn:cts:greekLit:tlg5026.e3.hmt:11.28,urn:cts:greekLit:tlg0012.tlg001.e3:11.86@ἦμος,"IMG",14,urn:cite:hmt:e3bifolio.E3_137v_138r,14
urn:cite:hmt:e3footnotes.11-32,urn:cts:greekLit:tlg5026.e3.hmt:11.29,urn:cts:greekLit:tlg0012.tlg001.e3:11.86@δεῖπνον,"IMG",15,urn:cite:hmt:e3bifolio.E3_137v_138r,15
urn:cite:hmt:e3footnotes.11-33,urn:cts:greekLit:tlg5026.e3.hmt:11.30,urn:cts:greekLit:tlg0012.tlg001.e3:11.89@φρένας,"IMG",16,urn:cite:hmt:e3bifolio.E3_137v_138r,16
urn:cite:hmt:e3footnotes.11-34,urn:cts:greekLit:tlg5026.e3.hmt:11.31,urn:cts:greekLit:tlg0012.tlg001.e3:11.90@τῆμος,"IMG",17,urn:cite:hmt:e3bifolio.E3_137v_138r,17
urn:cite:hmt:e3footnotes.11-35,urn:cts:greekLit:tlg5026.e3.hmt:11.32,urn:cts:greekLit:tlg0012.tlg001.e3:11.91@κεκλόμενοι,"IMG",18,urn:cite:hmt:e3bifolio.E3_137v_138r,18
urn:cite:hmt:e3footnotes.11-36,urn:cts:greekLit:tlg5026.e3.hmt:11.33,urn:cts:greekLit:tlg0012.tlg001.e3:11.92@πρῶτος,"IMG",19,urn:cite:hmt:e3bifolio.E3_137v_138r,19
urn:cite:hmt:e3footnotes.11-37,urn:cts:greekLit:tlg5026.e3.hmt:11.34,urn:cts:greekLit:tlg0012.tlg001.e3:11.93@αὐτόν,"IMG",20,urn:cite:hmt:e3bifolio.E3_137v_138r,20
urn:cite:hmt:e3footnotes.11-38,urn:cts:greekLit:tlg5026.e3.hmt:11.35,urn:cts:greekLit:tlg0012.tlg001.e3:11.98@πεπάλακτο,"urn:cite:hmt:e3bifolio.E3_138v_139r@0.3177,0.3652,0.0122,0.0162",1,urn:cite:hmt:e3bifolio.E3_138v_139r,1
urn:cite:hmt:e3footnotes.11-39,urn:cts:greekLit:tlg5026.e3.hmt:11.36,urn:cts:greekLit:tlg0012.tlg001.e3:11.100@παμφαίνοντας,"urn:cite:hmt:e3bifolio.E3_138v_139r@0.3019,0.3993,0.0122,0.0162",2,urn:cite:hmt:e3bifolio.E3_138v_139r,2
urn:cite:hmt:e3footnotes.11-40,urn:cts:greekLit:tlg5026.e3.hmt:11.37,urn:cts:greekLit:tlg0012.tlg001.e3:11.103@νόθος,"urn:cite:hmt:e3bifolio.E3_138v_139r@0.3753,0.4517,0.0122,0.0162",3,urn:cite:hmt:e3bifolio.E3_138v_139r,3
urn:cite:hmt:e3footnotes.11-41,urn:cts:greekLit:tlg5026.e3.hmt:11.38,urn:cts:greekLit:tlg0012.tlg001.e3:11.104@ Ἀχιλλεὺς,"urn:cite:hmt:e3bifolio.E3_138v_139r@0.4114,0.4687,0.0122,0.0162",4,urn:cite:hmt:e3bifolio.E3_138v_139r,4
urn:cite:hmt:e3footnotes.11-42,urn:cts:greekLit:tlg5026.e3.hmt:11.39,urn:cts:greekLit:tlg0012.tlg001.e3:11.105@μόσχοισι,"urn:cite:hmt:e3bifolio.E3_138v_139r@0.3497,0.4862,0.0122,0.0162",5,urn:cite:hmt:e3bifolio.E3_138v_139r,5
urn:cite:hmt:e3footnotes.11-43,urn:cts:greekLit:tlg5026.e3.hmt:11.40,urn:cts:greekLit:tlg0012.tlg001.e3:11.110@σπερχόμενος,"urn:cite:hmt:e3bifolio.E3_138v_139r@0.2656,0.5691,0.0122,0.0162",6,urn:cite:hmt:e3bifolio.E3_138v_139r,6
urn:cite:hmt:e3footnotes.11-44,urn:cts:greekLit:tlg5026.e3.hmt:11.41,urn:cts:greekLit:tlg0012.tlg001.e3:11.113@λέων,"urn:cite:hmt:e3bifolio.E3_138v_139r@0.253,0.6194,0.0122,0.0162",7,urn:cite:hmt:e3bifolio.E3_138v_139r,7
urn:cite:hmt:e3footnotes.11-45,urn:cts:greekLit:tlg5026.e3.hmt:11.42,urn:cts:greekLit:tlg0012.tlg001.e3:11.115@εἰς εὐνήν,"urn:cite:hmt:e3bifolio.E3_138v_139r@0.2574,0.6513,0.0122,0.0162",8,urn:cite:hmt:e3bifolio.E3_138v_139r,8
urn:cite:hmt:e3footnotes.11-46,urn:cts:greekLit:tlg5026.e3.hmt:11.43,urn:cts:greekLit:tlg0012.tlg001.e3:11.115@ἁπαλὸν,"urn:cite:hmt:e3bifolio.E3_138v_139r@0.3037,0.653,0.0122,0.0162",9,urn:cite:hmt:e3bifolio.E3_138v_139r,9
urn:cite:hmt:e3footnotes.11-47,urn:cts:greekLit:tlg5026.e3.hmt:11.44,urn:cts:greekLit:tlg0012.tlg001.e3:11.117@αὐτὴν γάρ μιν,"urn:cite:hmt:e3bifolio.E3_138v_139r@0.3002,0.6862,0.0122,0.0162",10,urn:cite:hmt:e3bifolio.E3_138v_139r,10
urn:cite:hmt:e3footnotes.11-48,urn:cts:greekLit:tlg5026.e3.hmt:11.45,urn:cts:greekLit:tlg0012.tlg001.e3:11.123@δαΐφρονος,"urn:cite:hmt:e3bifolio.E3_138v_139r@0.5756,0.3893,0.015,0.0145",11,urn:cite:hmt:e3bifolio.E3_138v_139r,11
urn:cite:hmt:e3footnotes.11-49,urn:cts:greekLit:tlg5026.e3.hmt:11.46,urn:cts:greekLit:tlg0012.tlg001.e3:11.123@ῥα μάλιστα,"urn:cite:hmt:e3bifolio.E3_138v_139r@0.6352,0.3893,0.015,0.0145",12,urn:cite:hmt:e3bifolio.E3_138v_139r,12
urn:cite:hmt:e3footnotes.11-50,urn:cts:greekLit:tlg5026.e3.hmt:11.47,urn:cts:greekLit:tlg0012.tlg001.e3:11.127@ἔχον,"urn:cite:hmt:e3bifolio.E3_138v_139r@0.6219,0.4597,0.015,0.0145",13,urn:cite:hmt:e3bifolio.E3_138v_139r,13
urn:cite:hmt:e3footnotes.11-51,urn:cts:greekLit:tlg5026.e3.hmt:11.48,urn:cts:greekLit:tlg0012.tlg001.e3:11.130@δίφρου,"urn:cite:hmt:e3bifolio.E3_138v_139r@0.6009,0.5103,0.015,0.0145",14,urn:cite:hmt:e3bifolio.E3_138v_139r,14
urn:cite:hmt:e3footnotes.11-52,urn:cts:greekLit:tlg5026.e3.hmt:11.49,urn:cts:greekLit:tlg0012.tlg001.e3:11.131@ἄξια,"urn:cite:hmt:e3bifolio.E3_138v_139r@0.6009,0.527,0.015,0.0145",15,urn:cite:hmt:e3bifolio.E3_138v_139r,15
urn:cite:hmt:e3footnotes.11-400,urn:cts:greekLit:tlg5026.e3.hmt:11.50,,,,,
urn:cite:hmt:e3footnotes.11-53,urn:cts:greekLit:tlg5026.e3.hmt:11.51,urn:cts:greekLit:tlg0012.tlg001.e3:11.134@χαρίσαιτο,"urn:cite:hmt:e3bifolio.E3_138v_139r@0.5509,0.5762,0.015,0.0149",17,urn:cite:hmt:e3bifolio.E3_138v_139r,16
urn:cite:hmt:e3footnotes.11-54,urn:cts:greekLit:tlg5026.e3.hmt:11.52,urn:cts:greekLit:tlg0012.tlg001.e3:11.137@ἀμείλικτον,"urn:cite:hmt:e3bifolio.E3_138v_139r@0.5921,0.6255,0.015,0.0149",18,urn:cite:hmt:e3bifolio.E3_138v_139r,17
urn:cite:hmt:e3footnotes.11-55,urn:cts:greekLit:tlg5026.e3.hmt:11.53,urn:cts:greekLit:tlg0012.tlg001.e3:11.138@εἰ μὲν,"urn:cite:hmt:e3bifolio.E3_138v_139r@0.4772,0.6381,0.015,0.0149",19,urn:cite:hmt:e3bifolio.E3_138v_139r,18
urn:cite:hmt:e3footnotes.11-56,urn:cts:greekLit:tlg5026.e3.hmt:11.54,urn:cts:greekLit:tlg0012.tlg001.e3:11.138@δαΐφρονος,"urn:cite:hmt:e3bifolio.E3_138v_139r@0.5771,0.6431,0.015,0.0149",20,urn:cite:hmt:e3bifolio.E3_138v_139r,19
urn:cite:hmt:e3footnotes.11-57,urn:cts:greekLit:tlg5026.e3.hmt:11.55,urn:cts:greekLit:tlg0012.tlg001.e3:11.140@ἀγγελίην,"urn:cite:hmt:e3bifolio.E3_138v_139r@0.4796,0.6697,0.015,0.0149",21,urn:cite:hmt:e3bifolio.E3_138v_139r,20
urn:cite:hmt:e3footnotes.11-58,urn:cts:greekLit:tlg5026.e3.hmt:11.56,urn:cts:greekLit:tlg0012.tlg001.e3:11.142@ ἀεικέα,"urn:cite:hmt:e3bifolio.E3_138v_139r@0.615,0.7104,0.015,0.0149",22,urn:cite:hmt:e3bifolio.E3_138v_139r,21
urn:cite:hmt:e3footnotes.11-59,urn:cts:greekLit:tlg5026.e3.hmt:11.57,urn:cts:greekLit:tlg0012.tlg001.e3:11.146@χεῖρας,"urn:cite:hmt:e3bifolio.E3_139v_140r@0.2536,0.3658,0.0114,0.0179",1,urn:cite:hmt:e3bifolio.E3_139v_140r,1
urn:cite:hmt:e3footnotes.11-60,urn:cts:greekLit:tlg5026.e3.hmt:11.58,urn:cts:greekLit:tlg0012.tlg001.e3:11.147@ὅλμον,"urn:cite:hmt:e3bifolio.E3_139v_140r@0.2523,0.3829,0.0127,0.0179",2,urn:cite:hmt:e3bifolio.E3_139v_140r,2
urn:cite:hmt:e3footnotes.11-61,urn:cts:greekLit:tlg5026.e3.hmt:11.59,urn:cts:greekLit:tlg0012.tlg001.e3:11.151@ὦρτο,"urn:cite:hmt:e3bifolio.E3_139v_140r@0.3737,0.452,0.0127,0.0179",3,urn:cite:hmt:e3bifolio.E3_139v_140r,3
urn:cite:hmt:e3footnotes.11-62,urn:cts:greekLit:tlg5026.e3.hmt:11.60,urn:cts:greekLit:tlg0012.tlg001.e3:11.154@κελεύων,"urn:cite:hmt:e3bifolio.E3_139v_140r@0.4014,0.5021,0.0127,0.0179",4,urn:cite:hmt:e3bifolio.E3_139v_140r,4
urn:cite:hmt:e3footnotes.11-63,urn:cts:greekLit:tlg5026.e3.hmt:11.61,urn:cts:greekLit:tlg0012.tlg001.e3:11.155@ἀξύλῳ,"urn:cite:hmt:e3bifolio.E3_139v_140r@0.3683,0.5171,0.0127,0.0179",5,urn:cite:hmt:e3bifolio.E3_139v_140r,5
urn:cite:hmt:e3footnotes.11-64,urn:cts:greekLit:tlg5026.e3.hmt:11.62,urn:cts:greekLit:tlg0012.tlg001.e3:11.156@εἰλυφόων,"urn:cite:hmt:e3bifolio.E3_139v_140r@0.3065,0.535,0.0127,0.0179",6,urn:cite:hmt:e3bifolio.E3_139v_140r,6
urn:cite:hmt:e3footnotes.11-65,urn:cts:greekLit:tlg5026.e3.hmt:11.63,urn:cts:greekLit:tlg0012.tlg001.e3:11.157@πρόρριζοι,"urn:cite:hmt:e3bifolio.E3_139v_140r@0.2536,0.55,0.0127,0.0179",7,urn:cite:hmt:e3bifolio.E3_139v_140r,7
urn:cite:hmt:e3footnotes.11-66,urn:cts:greekLit:tlg5026.e3.hmt:11.64,urn:cts:greekLit:tlg0012.tlg001.e3:11.159@φευγόντων,"urn:cite:hmt:e3bifolio.E3_139v_140r@0.3127,0.5854,0.0127,0.0179",8,urn:cite:hmt:e3bifolio.E3_139v_140r,8
urn:cite:hmt:e3footnotes.11-67,urn:cts:greekLit:tlg5026.e3.hmt:11.65,urn:cts:greekLit:tlg0012.tlg001.e3:11.162@γύπεσσιν,"urn:cite:hmt:e3bifolio.E3_139v_140r@0.2807,0.6354,0.0127,0.0179",9,urn:cite:hmt:e3bifolio.E3_139v_140r,9
urn:cite:hmt:e3footnotes.11-68,urn:cts:greekLit:tlg5026.e3.hmt:11.66,urn:cts:greekLit:tlg0012.tlg001.e3:11.163@βελέων,"urn:cite:hmt:e3bifolio.E3_139v_140r@0.3,0.6529,0.0127,0.0179",10,urn:cite:hmt:e3bifolio.E3_139v_140r,10
urn:cite:hmt:e3footnotes.11-69,urn:cts:greekLit:tlg5026.e3.hmt:11.67,urn:cts:greekLit:tlg0012.tlg001.e3:11.165@σφεδανὸν,"urn:cite:hmt:e3bifolio.E3_139v_140r@0.3211,0.6838,0.0127,0.0179",11,urn:cite:hmt:e3bifolio.E3_139v_140r,11
urn:cite:hmt:e3footnotes.11-70,urn:cts:greekLit:tlg5026.e3.hmt:11.68,urn:cts:greekLit:tlg0012.tlg001.e3:11.168@πεδίον,"urn:cite:hmt:e3bifolio.E3_139v_140r@0.5308,0.3208,0.019,0.0161",12,urn:cite:hmt:e3bifolio.E3_139v_140r,12
urn:cite:hmt:e3footnotes.11-71,urn:cts:greekLit:tlg5026.e3.hmt:11.69,urn:cts:greekLit:tlg0012.tlg001.e3:11.174@ἀναφαίνεται,"urn:cite:hmt:e3bifolio.E3_139v_140r@0.5707,0.4437,0.019,0.0161",13,urn:cite:hmt:e3bifolio.E3_139v_140r,13
urn:cite:hmt:e3footnotes.11-72,urn:cts:greekLit:tlg5026.e3.hmt:11.70,urn:cts:greekLit:tlg0012.tlg001.e3:11.181@ἀλλ᾽ ὅτε,"urn:cite:hmt:e3bifolio.E3_139v_140r@0.5081,0.5601,0.019,0.0161",14,urn:cite:hmt:e3bifolio.E3_139v_140r,14
urn:cite:hmt:e3footnotes.11-73,urn:cts:greekLit:tlg5026.e3.hmt:11.71,urn:cts:greekLit:tlg0012.tlg001.e3:11.184@ἀστεροπὴν,"urn:cite:hmt:e3bifolio.E3_139v_140r@0.6235,0.6155,0.019,0.0161",15,urn:cite:hmt:e3bifolio.E3_139v_140r,15
urn:cite:hmt:e3footnotes.11-74,urn:cts:greekLit:tlg5026.e3.hmt:11.72,urn:cts:greekLit:tlg0012.tlg001.e3:11.187@ἂν μέν κεν,"urn:cite:hmt:e3bifolio.E3_139v_140r@0.6235,0.6155,0.019,0.0161",16,urn:cite:hmt:e3bifolio.E3_139v_140r,16
urn:cite:hmt:e3footnotes.11-75,urn:cts:greekLit:tlg5026.e3.hmt:11.73,urn:cts:greekLit:tlg0012.tlg001.e3:11.191@βλήμενος,"urn:cite:hmt:e3bifolio.E3_139v_140r@0.6457,0.7356,0.019,0.0161",17,urn:cite:hmt:e3bifolio.E3_139v_140r,17
urn:cite:hmt:e3footnotes.11-76,urn:cts:greekLit:tlg5026.e3.hmt:11.74,urn:cts:greekLit:tlg0012.tlg001.e3:11.192@ἐγγυαλίξω,"urn:cite:hmt:e3bifolio.E3_140v_141r@0.4044,0.3207,0.0142,0.0164",1,urn:cite:hmt:e3bifolio.E3_140v_141r,1
urn:cite:hmt:e3footnotes.11-77,urn:cts:greekLit:tlg5026.e3.hmt:11.75,urn:cts:greekLit:tlg0012.tlg001.e3:11.194@δύη,"urn:cite:hmt:e3bifolio.E3_140v_141r@0.2602,0.3549,0.0142,0.0164",2,urn:cite:hmt:e3bifolio.E3_140v_141r,2
urn:cite:hmt:e3footnotes.11-78,urn:cts:greekLit:tlg5026.e3.hmt:11.76,urn:cts:greekLit:tlg0012.tlg001.e3:11.198@ἵπποισι,"urn:cite:hmt:e3bifolio.E3_140v_141r@0.3066,0.4234,0.0142,0.0164",3,urn:cite:hmt:e3bifolio.E3_140v_141r,3
urn:cite:hmt:e3footnotes.11-79,urn:cts:greekLit:tlg5026.e3.hmt:11.77,urn:cts:greekLit:tlg0012.tlg001.e3:11.201@τάδε,"urn:cite:hmt:e3bifolio.E3_140v_141r@0.3854,0.4751,0.0142,0.0164",4,urn:cite:hmt:e3bifolio.E3_140v_141r,4
urn:cite:hmt:e3footnotes.11-80,urn:cts:greekLit:tlg5026.e3.hmt:11.78,urn:cts:greekLit:tlg0012.tlg001.e3:11.202@ὀχέων,"urn:cite:hmt:e3bifolio.E3_140v_141r@0.2944,0.6447,0.0142,0.0164",5,urn:cite:hmt:e3bifolio.E3_140v_141r,5
urn:cite:hmt:e3footnotes.11-81,urn:cts:greekLit:tlg5026.e3.hmt:11.79,urn:cts:greekLit:tlg0012.tlg001.e3:11.217@πρῶτος,"urn:cite:hmt:e3bifolio.E3_140v_141r@0.4974,0.3239,0.0176,0.021",6,urn:cite:hmt:e3bifolio.E3_140v_141r,6
urn:cite:hmt:e3footnotes.11-82,urn:cts:greekLit:tlg5026.e3.hmt:11.80,urn:cts:greekLit:tlg0012.tlg001.e3:11.218@ἔσπετε,"urn:cite:hmt:e3bifolio.E3_140v_141r@0.4979,0.3429,0.0176,0.021",7,urn:cite:hmt:e3bifolio.E3_140v_141r,7
urn:cite:hmt:e3footnotes.11-83,urn:cts:greekLit:tlg5026.e3.hmt:11.81,urn:cts:greekLit:tlg0012.tlg001.e3:11.223@Κισσῆς,"urn:cite:hmt:e3bifolio.E3_140v_141r@0.5021,0.4299,0.0176,0.021",8,urn:cite:hmt:e3bifolio.E3_140v_141r,8
urn:cite:hmt:e3footnotes.11-84,urn:cts:greekLit:tlg5026.e3.hmt:11.82,urn:cts:greekLit:tlg0012.tlg001.e3:11.227@κλέος,"urn:cite:hmt:e3bifolio.E3_140v_141r@0.6341,0.4942,0.0176,0.021",9,urn:cite:hmt:e3bifolio.E3_140v_141r,9
urn:cite:hmt:e3footnotes.11-85,urn:cts:greekLit:tlg5026.e3.hmt:11.83,urn:cts:greekLit:tlg0012.tlg001.e3:11.233@ἅμαρτε,"urn:cite:hmt:e3bifolio.E3_140v_141r@0.5587,0.5989,0.0176,0.021",10,urn:cite:hmt:e3bifolio.E3_140v_141r,10
urn:cite:hmt:e3footnotes.11-86,urn:cts:greekLit:tlg5026.e3.hmt:11.84,urn:cts:greekLit:tlg0012.tlg001.e3:11.234@ζώνην,"urn:cite:hmt:e3bifolio.E3_140v_141r@0.5769,0.6153,0.0176,0.021",11,urn:cite:hmt:e3bifolio.E3_140v_141r,11
urn:cite:hmt:e3footnotes.11-87,urn:cts:greekLit:tlg5026.e3.hmt:11.85,urn:cts:greekLit:tlg0012.tlg001.e3:11.239@ἕλκ᾽ ἐπὶ,"urn:cite:hmt:e3bifolio.E3_140v_141r@0.5114,0.6985,0.0176,0.021",12,urn:cite:hmt:e3bifolio.E3_140v_141r,12
urn:cite:hmt:e3footnotes.11-88,urn:cts:greekLit:tlg5026.e3.hmt:11.86,urn:cts:greekLit:tlg0012.tlg001.e3:11.239@ὥς τε λίς,"urn:cite:hmt:e3bifolio.E3_140v_141r@0.6038,0.701,0.0176,0.021",13,urn:cite:hmt:e3bifolio.E3_140v_141r,13
urn:cite:hmt:e3footnotes.11-89,urn:cts:greekLit:tlg5026.e3.hmt:11.87,urn:cts:greekLit:tlg0012.tlg001.e3:11.242@μνηστῆς,"urn:cite:hmt:e3bifolio.E3_141v_142r@0.3005,0.3092,0.0157,0.0202",1,urn:cite:hmt:e3bifolio.E3_141v_142r,1
urn:cite:hmt:e3footnotes.11-90,urn:cts:greekLit:tlg5026.e3.hmt:11.88,urn:cts:greekLit:tlg0012.tlg001.e3:11.243@χάριν,"urn:cite:hmt:e3bifolio.E3_141v_142r@0.3444,0.3379,0.0157,0.0202",2,urn:cite:hmt:e3bifolio.E3_141v_142r,2
urn:cite:hmt:e3footnotes.11-91,urn:cts:greekLit:tlg5026.e3.hmt:11.89,urn:cts:greekLit:tlg0012.tlg001.e3:11.244@ὑπέστη,"urn:cite:hmt:e3bifolio.E3_141v_142r@0.4324,0.3564,0.0157,0.0202",3,urn:cite:hmt:e3bifolio.E3_141v_142r,3
urn:cite:hmt:e3footnotes.11-92,urn:cts:greekLit:tlg5026.e3.hmt:11.90,urn:cts:greekLit:tlg0012.tlg001.e3:11.247@καλά,"urn:cite:hmt:e3bifolio.E3_141v_142r@0.4214,0.4066,0.0157,0.0202",4,urn:cite:hmt:e3bifolio.E3_141v_142r,4
urn:cite:hmt:e3footnotes.11-93,urn:cts:greekLit:tlg5026.e3.hmt:11.91,urn:cts:greekLit:tlg0012.tlg001.e3:11.251@εὐρὰξ,"urn:cite:hmt:e3bifolio.E3_141v_142r@0.4214,0.4066,0.0157,0.0202",5,urn:cite:hmt:e3bifolio.E3_141v_142r,5
urn:cite:hmt:e3footnotes.11-94,urn:cts:greekLit:tlg5026.e3.hmt:11.92,urn:cts:greekLit:tlg0012.tlg001.e3:11.256@ἀνεμοτρεφὲς,"urn:cite:hmt:e3bifolio.E3_141v_142r@0.3708,0.5567,0.0157,0.0202",6,urn:cite:hmt:e3bifolio.E3_141v_142r,6
urn:cite:hmt:e3footnotes.11-95,urn:cts:greekLit:tlg5026.e3.hmt:11.93,urn:cts:greekLit:tlg0012.tlg001.e3:11.260@Ἰφιδάμαντι,"urn:cite:hmt:e3bifolio.E3_141v_142r@0.3025,0.6419,0.0157,0.0202",7,urn:cite:hmt:e3bifolio.E3_141v_142r,7
urn:cite:hmt:e3footnotes.11-96,urn:cts:greekLit:tlg5026.e3.hmt:11.94,urn:cts:greekLit:tlg0012.tlg001.e3:11.266@θερμὸν,"urn:cite:hmt:e3bifolio.E3_141v_142r@0.5891,0.324,0.0141,0.0178",8,urn:cite:hmt:e3bifolio.E3_141v_142r,8
urn:cite:hmt:e3footnotes.11-97,urn:cts:greekLit:tlg5026.e3.hmt:11.95,urn:cts:greekLit:tlg0012.tlg001.e3:11.268@ὀξεῖαι,"urn:cite:hmt:e3bifolio.E3_141v_142r@0.5259,0.3579,0.0141,0.0178",9,urn:cite:hmt:e3bifolio.E3_141v_142r,9
urn:cite:hmt:e3footnotes.11-98,urn:cts:greekLit:tlg5026.e3.hmt:11.96,urn:cts:greekLit:tlg0012.tlg001.e3:11.269@ὠδίνουσαν,"urn:cite:hmt:e3bifolio.E3_141v_142r@0.5727,0.3753,0.0141,0.0178",10,urn:cite:hmt:e3bifolio.E3_141v_142r,10
urn:cite:hmt:e3footnotes.11-99,urn:cts:greekLit:tlg5026.e3.hmt:11.97,urn:cts:greekLit:tlg0012.tlg001.e3:11.270@μογοστόκοι,"urn:cite:hmt:e3bifolio.E3_141v_142r@0.6241,0.3935,0.0141,0.0178",11,urn:cite:hmt:e3bifolio.E3_141v_142r,11
urn:cite:hmt:e3footnotes.11-100,urn:cts:greekLit:tlg5026.e3.hmt:11.98,urn:cts:greekLit:tlg0012.tlg001.e3:11.271@ἔχουσαι,"urn:cite:hmt:e3bifolio.E3_141v_142r@0.6964,0.4083,0.0141,0.0178",12,urn:cite:hmt:e3bifolio.E3_141v_142r,12
urn:cite:hmt:e3footnotes.11-101,urn:cts:greekLit:tlg5026.e3.hmt:11.99,urn:cts:greekLit:tlg0012.tlg001.e3:11.272@δῦνον,"urn:cite:hmt:e3bifolio.E3_141v_142r@0.5967,0.4261,0.0141,0.0178",13,urn:cite:hmt:e3bifolio.E3_141v_142r,13
urn:cite:hmt:e3footnotes.11-102,urn:cts:greekLit:tlg5026.e3.hmt:11.101,urn:cts:greekLit:tlg0012.tlg001.e3:11.273@μένος,"urn:cite:hmt:e3bifolio.E3_141v_142r@0.6306,0.4261,0.0141,0.0178",14,urn:cite:hmt:e3bifolio.E3_141v_142r,14
urn:cite:hmt:e3footnotes.11-103,urn:cts:greekLit:tlg5026.e3.hmt:11.100,urn:cts:greekLit:tlg0012.tlg001.e3:11.274@ἀνόρουσε,"urn:cite:hmt:e3bifolio.E3_141v_142r@0.5826,0.4413,0.0141,0.0178",15,urn:cite:hmt:e3bifolio.E3_141v_142r,15
urn:cite:hmt:e3footnotes.11-104,urn:cts:greekLit:tlg5026.e3.hmt:11.102,urn:cts:greekLit:tlg0012.tlg001.e3:11.276@Ἀργείων,"urn:cite:hmt:e3bifolio.E3_141v_142r@0.5569,0.4905,0.0141,0.0178",16,urn:cite:hmt:e3bifolio.E3_141v_142r,16
urn:cite:hmt:e3footnotes.11-105,urn:cts:greekLit:tlg5026.e3.hmt:11.103,urn:cts:greekLit:tlg0012.tlg001.e3:11.279@εἴασε,"urn:cite:hmt:e3bifolio.E3_141v_142r@0.5121,0.5413,0.0141,0.0178",17,urn:cite:hmt:e3bifolio.E3_141v_142r,17
urn:cite:hmt:e3footnotes.11-106,urn:cts:greekLit:tlg5026.e3.hmt:11.104,urn:cts:greekLit:tlg0012.tlg001.e3:11.282@ἄφρεον,"urn:cite:hmt:e3bifolio.E3_141v_142r@0.5273,0.5891,0.0141,0.0178",18,urn:cite:hmt:e3bifolio.E3_141v_142r,18
urn:cite:hmt:e3footnotes.11-107,urn:cts:greekLit:tlg5026.e3.hmt:11.105,urn:cts:greekLit:tlg0012.tlg001.e3:11.290@ὑπέρτερον,"urn:cite:hmt:e3bifolio.E3_142v_143r@0.3609,0.3189,0.0167,0.0233",1,urn:cite:hmt:e3bifolio.E3_142v_143r,1
urn:cite:hmt:e3footnotes.11-108,urn:cts:greekLit:tlg5026.e3.hmt:11.106,urn:cts:greekLit:tlg0012.tlg001.e3:11.291@μένος,"urn:cite:hmt:e3bifolio.E3_142v_143r@0.3609,0.3189,0.0167,0.0233",2,urn:cite:hmt:e3bifolio.E3_142v_143r,2
urn:cite:hmt:e3footnotes.11-109,urn:cts:greekLit:tlg5026.e3.hmt:11.107,urn:cts:greekLit:tlg0012.tlg001.e3:11.292@θηρητὴρ,"urn:cite:hmt:e3bifolio.E3_142v_143r@0.3333,0.3593,0.0167,0.0233",3,urn:cite:hmt:e3bifolio.E3_142v_143r,3
urn:cite:hmt:e3footnotes.11-110,urn:cts:greekLit:tlg5026.e3.hmt:11.108,urn:cts:greekLit:tlg0012.tlg001.e3:11.297@ὑπεραέϊ,"urn:cite:hmt:e3bifolio.E3_142v_143r@0.3342,0.4421,0.0167,0.0233",4,urn:cite:hmt:e3bifolio.E3_142v_143r,4
urn:cite:hmt:e3footnotes.11-111,urn:cts:greekLit:tlg5026.e3.hmt:11.109,urn:cts:greekLit:tlg0012.tlg001.e3:11.299@τίνα,"urn:cite:hmt:e3bifolio.E3_142v_143r@0.2658,0.473,0.0167,0.0233",5,urn:cite:hmt:e3bifolio.E3_142v_143r,5
urn:cite:hmt:e3footnotes.11-112,urn:cts:greekLit:tlg5026.e3.hmt:11.110,urn:cts:greekLit:tlg0012.tlg001.e3:11.300@Ζεὺς,"urn:cite:hmt:e3bifolio.E3_142v_143r@0.355,0.4888,0.0167,0.0233",6,urn:cite:hmt:e3bifolio.E3_142v_143r,6
urn:cite:hmt:e3footnotes.11-113,urn:cts:greekLit:tlg5026.e3.hmt:11.111,urn:cts:greekLit:tlg0012.tlg001.e3:11.301@Ἀσαῖον,"urn:cite:hmt:e3bifolio.E3_142v_143r@0.2305,0.5067,0.0167,0.0233",7,urn:cite:hmt:e3bifolio.E3_142v_143r,7
urn:cite:hmt:e3footnotes.11-114,urn:cts:greekLit:tlg5026.e3.hmt:11.112,urn:cts:greekLit:tlg0012.tlg001.e3:11.304@ἡγεμόνας,"urn:cite:hmt:e3bifolio.E3_142v_143r@0.3111,0.5571,0.0167,0.0233",8,urn:cite:hmt:e3bifolio.E3_142v_143r,8
urn:cite:hmt:e3footnotes.11-115,urn:cts:greekLit:tlg5026.e3.hmt:11.113,urn:cts:greekLit:tlg0012.tlg001.e3:11.305@ὁπότε,"urn:cite:hmt:e3bifolio.E3_142v_143r@0.3208,0.5733,0.0167,0.0233",9,urn:cite:hmt:e3bifolio.E3_142v_143r,9
urn:cite:hmt:e3footnotes.11-116,urn:cts:greekLit:tlg5026.e3.hmt:11.114,urn:cts:greekLit:tlg0012.tlg001.e3:11.306@ἀργεστᾶο,"urn:cite:hmt:e3bifolio.E3_142v_143r@0.2628,0.5925,0.0167,0.0233",10,urn:cite:hmt:e3bifolio.E3_142v_143r,10
urn:cite:hmt:e3footnotes.11-117,urn:cts:greekLit:tlg5026.e3.hmt:11.115,urn:cts:greekLit:tlg0012.tlg001.e3:11.307@πολλὸν,"urn:cite:hmt:e3bifolio.E3_142v_143r@0.2417,0.6087,0.0167,0.0233",11,urn:cite:hmt:e3bifolio.E3_142v_143r,11
urn:cite:hmt:e3footnotes.11-118,urn:cts:greekLit:tlg5026.e3.hmt:11.116,urn:cts:greekLit:tlg0012.tlg001.e3:11.308@πολυπλάγκτοιο,"urn:cite:hmt:e3bifolio.E3_142v_143r@0.3828,0.6187,0.0167,0.0233",12,urn:cite:hmt:e3bifolio.E3_142v_143r,12
urn:cite:hmt:e3footnotes.11-119,urn:cts:greekLit:tlg5026.e3.hmt:11.117,urn:cts:greekLit:tlg0012.tlg001.e3:11.313@Τυδείδη,"urn:cite:hmt:e3bifolio.E3_142v_143r@0.2583,0.7049,0.0167,0.0233",13,urn:cite:hmt:e3bifolio.E3_142v_143r,13
urn:cite:hmt:e3footnotes.11-120,urn:cts:greekLit:tlg5026.e3.hmt:11.118,urn:cts:greekLit:tlg0012.tlg001.e3:11.314@ἔλεγχος,"urn:cite:hmt:e3bifolio.E3_142v_143r@0.6922,0.3283,0.0138,0.0178",14,urn:cite:hmt:e3bifolio.E3_142v_143r,14
urn:cite:hmt:e3footnotes.11-121,urn:cts:greekLit:tlg5026.e3.hmt:11.119,urn:cts:greekLit:tlg0012.tlg001.e3:11.317@μενέω,"urn:cite:hmt:e3bifolio.E3_142v_143r@0.5362,0.3837,0.0138,0.0178",15,urn:cite:hmt:e3bifolio.E3_142v_143r,15
urn:cite:hmt:e3footnotes.11-122,urn:cts:greekLit:tlg5026.e3.hmt:11.120,urn:cts:greekLit:tlg0012.tlg001.e3:11.318@ἔσσεται,"urn:cite:hmt:e3bifolio.E3_142v_143r@0.5555,0.4015,0.0138,0.0178",16,urn:cite:hmt:e3bifolio.E3_142v_143r,16
urn:cite:hmt:e3footnotes.11-123,urn:cts:greekLit:tlg5026.e3.hmt:11.121,urn:cts:greekLit:tlg0012.tlg001.e3:11.327@φεύγοντες,"urn:cite:hmt:e3bifolio.E3_142v_143r@0.5629,0.5536,0.0138,0.0178",17,urn:cite:hmt:e3bifolio.E3_142v_143r,17
urn:cite:hmt:e3footnotes.11-124,urn:cts:greekLit:tlg5026.e3.hmt:11.122,urn:cts:greekLit:tlg0012.tlg001.e3:11.332@πειθέσθην,"urn:cite:hmt:e3bifolio.E3_142v_143r@0.5392,0.6379,0.0138,0.0178",18,urn:cite:hmt:e3bifolio.E3_142v_143r,18
urn:cite:hmt:e3footnotes.11-125,urn:cts:greekLit:tlg5026.e3.hmt:11.123,urn:cts:greekLit:tlg0012.tlg001.e3:11.336@κατὰ ἶσα,"urn:cite:hmt:e3bifolio.E3_142v_143r@0.5811,0.7082,0.0138,0.0178",19,urn:cite:hmt:e3bifolio.E3_142v_143r,19
urn:cite:hmt:e3footnotes.11-126,urn:cts:greekLit:tlg5026.e3.hmt:11.124,urn:cts:greekLit:tlg0012.tlg001.e3:11.346@ἐγγὺς,"urn:cite:hmt:e3bifolio.E3_143v_144r@0.391,0.4595,0.0167,0.0175",1,urn:cite:hmt:e3bifolio.E3_143v_144r,1
urn:cite:hmt:e3footnotes.11-127,urn:cts:greekLit:tlg5026.e3.hmt:11.125,urn:cts:greekLit:tlg0012.tlg001.e3:11.347@κυλίνδεται,"urn:cite:hmt:e3bifolio.E3_143v_144r@0.3393,0.4774,0.0167,0.0175",2,urn:cite:hmt:e3bifolio.E3_143v_144r,2
urn:cite:hmt:e3footnotes.11-128,urn:cts:greekLit:tlg5026.e3.hmt:11.126,urn:cts:greekLit:tlg0012.tlg001.e3:11.348@στέωμεν,"urn:cite:hmt:e3bifolio.E3_143v_144r@0.2993,0.4953,0.0167,0.0175",3,urn:cite:hmt:e3bifolio.E3_143v_144r,3
urn:cite:hmt:e3footnotes.11-129,urn:cts:greekLit:tlg5026.e3.hmt:11.127,urn:cts:greekLit:tlg0012.tlg001.e3:11.355@γνὺξ,"urn:cite:hmt:e3bifolio.E3_143v_144r@0.2661,0.6123,0.0167,0.0175",4,urn:cite:hmt:e3bifolio.E3_143v_144r,4
urn:cite:hmt:e3footnotes.11-130,urn:cts:greekLit:tlg5026.e3.hmt:11.128,urn:cts:greekLit:tlg0012.tlg001.e3:11.357@ἐρωὴν,"urn:cite:hmt:e3bifolio.E3_143v_144r@0.4074,0.6436,0.0167,0.0175",5,urn:cite:hmt:e3bifolio.E3_143v_144r,5
urn:cite:hmt:e3footnotes.11-131,urn:cts:greekLit:tlg5026.e3.hmt:11.129,urn:cts:greekLit:tlg0012.tlg001.e3:11.358@καταείσατο,"urn:cite:hmt:e3bifolio.E3_143v_144r@0.3707,0.6611,0.0167,0.0175",6,urn:cite:hmt:e3bifolio.E3_143v_144r,6
urn:cite:hmt:e3footnotes.11-132,urn:cts:greekLit:tlg5026.e3.hmt:11.130,urn:cts:greekLit:tlg0012.tlg001.e3:11.362@ἐξ αῦ,"urn:cite:hmt:e3bifolio.E3_143v_144r@0.4935,0.3256,0.0165,0.0223",7,urn:cite:hmt:e3bifolio.E3_143v_144r,7
urn:cite:hmt:e3footnotes.11-133,urn:cts:greekLit:tlg5026.e3.hmt:11.131,urn:cts:greekLit:tlg0012.tlg001.e3:11.365@ἐξανύω,"urn:cite:hmt:e3bifolio.E3_143v_144r@0.5307,0.379,0.0165,0.0223",8,urn:cite:hmt:e3bifolio.E3_143v_144r,8
urn:cite:hmt:e3footnotes.11-134,urn:cts:greekLit:tlg5026.e3.hmt:11.132,urn:cts:greekLit:tlg0012.tlg001.e3:11.369@Ἀλέξανδρος,"urn:cite:hmt:e3bifolio.E3_143v_144r@0.5351,0.4315,0.0165,0.0223",9,urn:cite:hmt:e3bifolio.E3_143v_144r,9
urn:cite:hmt:e3footnotes.11-135,urn:cts:greekLit:tlg5026.e3.hmt:11.133,urn:cts:greekLit:tlg0012.tlg001.e3:11.371@κεκλιμένος,"urn:cite:hmt:e3bifolio.E3_143v_144r@0.5337,0.4637,0.0165,0.0223",10,urn:cite:hmt:e3bifolio.E3_143v_144r,10
urn:cite:hmt:e3footnotes.11-136,urn:cts:greekLit:tlg5026.e3.hmt:11.134,urn:cts:greekLit:tlg0012.tlg001.e3:11.372@δημογέροντος,"urn:cite:hmt:e3bifolio.E3_143v_144r@0.641,0.4835,0.0165,0.0223",11,urn:cite:hmt:e3bifolio.E3_143v_144r,11
,urn:cts:greekLit:tlg5026.e3.hmt:11.135,,"",,,
urn:cite:hmt:e3footnotes.11-137,urn:cts:greekLit:tlg5026.e3.hmt:11.136,urn:cts:greekLit:tlg0012.tlg001.e3:11.375@ἄνειλκε,"urn:cite:hmt:e3bifolio.E3_143v_144r@0.6729,0.5373,0.0165,0.0223",12,urn:cite:hmt:e3bifolio.E3_143v_144r,12
urn:cite:hmt:e3footnotes.11-138,urn:cts:greekLit:tlg5026.e3.hmt:11.137,urn:cts:greekLit:tlg0012.tlg001.e3:11.379@ἐκ λόχου,"urn:cite:hmt:e3bifolio.E3_143v_144r@0.5158,0.5993,0.0165,0.0223",13,urn:cite:hmt:e3bifolio.E3_143v_144r,13
urn:cite:hmt:e3footnotes.11-139,urn:cts:greekLit:tlg5026.e3.hmt:11.138,urn:cts:greekLit:tlg0012.tlg001.e3:11.383@μηκάδες,"urn:cite:hmt:e3bifolio.E3_143v_144r@0.6305,0.6716,0.0165,0.0223",14,urn:cite:hmt:e3bifolio.E3_143v_144r,14
urn:cite:hmt:e3footnotes.11-140,urn:cts:greekLit:tlg5026.e3.hmt:11.139,urn:cts:greekLit:tlg0012.tlg001.e3:11.385@τοξότα,"urn:cite:hmt:e3bifolio.E3_143v_144r@0.5059,0.7002,0.0165,0.0223",15,urn:cite:hmt:e3bifolio.E3_143v_144r,15
urn:cite:hmt:e3footnotes.11-141,urn:cts:greekLit:tlg5026.e3.hmt:11.140,urn:cts:greekLit:tlg0012.tlg001.e3:11.386@ἀντίβιον,"urn:cite:hmt:e3bifolio.E3_143v_144r@0.5486,0.7204,0.0165,0.0223",16,urn:cite:hmt:e3bifolio.E3_143v_144r,16
urn:cite:hmt:e3footnotes.11-142,urn:cts:greekLit:tlg5026.e3.hmt:11.141,urn:cts:greekLit:tlg0012.tlg001.e3:11.388@ἐπιγράψας,"urn:cite:hmt:e3bifolio.E3_144v_145r@0.3183,0.3093,0.016,0.027",1,urn:cite:hmt:e3bifolio.E3_144v_145r,1
urn:cite:hmt:e3footnotes.11-143,urn:cts:greekLit:tlg5026.e3.hmt:11.142,urn:cts:greekLit:tlg0012.tlg001.e3:11.390@κωφὸν,"urn:cite:hmt:e3bifolio.E3_144v_145r@0.2643,0.3408,0.016,0.027",2,urn:cite:hmt:e3bifolio.E3_144v_145r,2
urn:cite:hmt:e3footnotes.11-144,urn:cts:greekLit:tlg5026.e3.hmt:11.143,urn:cts:greekLit:tlg0012.tlg001.e3:11.395@πλέες,"urn:cite:hmt:e3bifolio.E3_144v_145r@0.3694,0.4309,0.017,0.021",3,urn:cite:hmt:e3bifolio.E3_144v_145r,3
urn:cite:hmt:e3footnotes.11-145,urn:cts:greekLit:tlg5026.e3.hmt:11.144,urn:cts:greekLit:tlg0012.tlg001.e3:11.397@πρόσθ',"urn:cite:hmt:e3bifolio.E3_144v_145r@0.2753,0.464,0.017,0.021",4,urn:cite:hmt:e3bifolio.E3_144v_145r,4
urn:cite:hmt:e3footnotes.11-146,urn:cts:greekLit:tlg5026.e3.hmt:11.145,urn:cts:greekLit:tlg0012.tlg001.e3:11.403@πρὸς,"urn:cite:hmt:e3bifolio.E3_144v_145r@0.3634,0.5661,0.022,0.0225",5,urn:cite:hmt:e3bifolio.E3_144v_145r,5
urn:cite:hmt:e3footnotes.11-147,urn:cts:greekLit:tlg5026.e3.hmt:11.146,urn:cts:greekLit:tlg0012.tlg001.e3:11.405@ἁλώω,"urn:cite:hmt:e3bifolio.E3_144v_145r@0.4394,0.5991,0.022,0.0225",6,urn:cite:hmt:e3bifolio.E3_144v_145r,6
urn:cite:hmt:e3footnotes.11-148,urn:cts:greekLit:tlg5026.e3.hmt:11.147,urn:cts:greekLit:tlg0012.tlg001.e3:11.407@τί ἤ μοι,"urn:cite:hmt:e3bifolio.E3_144v_145r@0.2963,0.6351,0.022,0.0225",7,urn:cite:hmt:e3bifolio.E3_144v_145r,7
urn:cite:hmt:e3footnotes.11-149,urn:cts:greekLit:tlg5026.e3.hmt:11.148,urn:cts:greekLit:tlg0012.tlg001.e3:11.412@Τρώων,"urn:cite:hmt:e3bifolio.E3_144v_145r@0.5836,0.3183,0.025,0.0255",14,urn:cite:hmt:e3bifolio.E3_144v_145r,8
urn:cite:hmt:e3footnotes.11-150,urn:cts:greekLit:tlg5026.e3.hmt:11.149,urn:cts:greekLit:tlg0012.tlg001.e3:11.414@κάπριον,"urn:cite:hmt:e3bifolio.E3_144v_145r@0.5666,0.3559,0.025,0.0255",15,urn:cite:hmt:e3bifolio.E3_144v_145r,9
urn:cite:hmt:e3footnotes.11-151,urn:cts:greekLit:tlg5026.e3.hmt:11.150,urn:cts:greekLit:tlg0012.tlg001.e3:11.416@θήγων,"urn:cite:hmt:e3bifolio.E3_144v_145r@0.5325,0.3889,0.018,0.0255",16,urn:cite:hmt:e3bifolio.E3_144v_145r,10
urn:cite:hmt:e3footnotes.11-152,urn:cts:greekLit:tlg5026.e3.hmt:11.151,urn:cts:greekLit:tlg0012.tlg001.e3:11.416@γναμπτῇσι,"urn:cite:hmt:e3bifolio.E3_144v_145r@0.6346,0.3859,0.032,0.033",17,urn:cite:hmt:e3bifolio.E3_144v_145r,11
urn:cite:hmt:e3footnotes.11-153,urn:cts:greekLit:tlg5026.e3.hmt:11.152,urn:cts:greekLit:tlg0012.tlg001.e3:11.421@ὕπερθεν,"urn:cite:hmt:e3bifolio.E3_144v_145r@0.5886,0.4655,0.023,0.0315",18,urn:cite:hmt:e3bifolio.E3_144v_145r,12
urn:cite:hmt:e3footnotes.11-154,urn:cts:greekLit:tlg5026.e3.hmt:11.153,urn:cts:greekLit:tlg0012.tlg001.e3:11.424@πρότμησιν,"urn:cite:hmt:e3bifolio.E3_144v_145r@0.5736,0.515,0.023,0.0315",19,urn:cite:hmt:e3bifolio.E3_144v_145r,13
urn:cite:hmt:e3footnotes.11-155,urn:cts:greekLit:tlg5026.e3.hmt:11.154,urn:cts:greekLit:tlg0012.tlg001.e3:11.425@γαῖαν,"urn:cite:hmt:e3bifolio.E3_144v_145r@0.6787,0.536,0.023,0.0315",20,urn:cite:hmt:e3bifolio.E3_144v_145r,14
urn:cite:hmt:e3footnotes.11-156,urn:cts:greekLit:tlg5026.e3.hmt:11.155,urn:cts:greekLit:tlg0012.tlg001.e3:11.427@εὐηγενέος,"urn:cite:hmt:e3bifolio.E3_144v_145r@0.6026,0.5661,0.023,0.0315",21,urn:cite:hmt:e3bifolio.E3_144v_145r,15
urn:cite:hmt:e3footnotes.11-157,urn:cts:greekLit:tlg5026.e3.hmt:11.156,urn:cts:greekLit:tlg0012.tlg001.e3:11.430@πολύαινε,"urn:cite:hmt:e3bifolio.E3_144v_145r@0.5786,0.6201,0.023,0.0315",22,urn:cite:hmt:e3bifolio.E3_144v_145r,16
urn:cite:hmt:e3footnotes.11-158,urn:cts:greekLit:tlg5026.e3.hmt:11.157,urn:cts:greekLit:tlg0012.tlg001.e3:11.433@τυπεὶς,"urn:cite:hmt:e3bifolio.E3_144v_145r@0.6016,0.6727,0.023,0.0315",23,urn:cite:hmt:e3bifolio.E3_144v_145r,17
urn:cite:hmt:e3footnotes.11-159,urn:cts:greekLit:tlg5026.e3.hmt:11.158,urn:cts:greekLit:tlg0012.tlg001.e3:11.437@χρόα,"urn:cite:hmt:e3bifolio.E3_145v_146r@0.3376,0.3609,0.0131,0.0164",1,urn:cite:hmt:e3bifolio.E3_145v_146r,1
urn:cite:hmt:e3footnotes.11-160,urn:cts:greekLit:tlg5026.e3.hmt:11.159,urn:cts:greekLit:tlg0012.tlg001.e3:11.439@γνῶ,"urn:cite:hmt:e3bifolio.E3_145v_146r@0.2381,0.3928,0.0131,0.0164",2,urn:cite:hmt:e3bifolio.E3_145v_146r,2
urn:cite:hmt:e3footnotes.11-161,urn:cts:greekLit:tlg5026.e3.hmt:11.160,urn:cts:greekLit:tlg0012.tlg001.e3:11.446@φύγαδ᾽,"urn:cite:hmt:e3bifolio.E3_145v_146r@0.2917,0.5068,0.0131,0.0164",3,urn:cite:hmt:e3bifolio.E3_145v_146r,3
urn:cite:hmt:e3footnotes.11-162,urn:cts:greekLit:tlg5026.e3.hmt:11.161,urn:cts:greekLit:tlg0012.tlg001.e3:11.451@φθῆ,"urn:cite:hmt:e3bifolio.E3_145v_146r@0.239,0.5885,0.0131,0.0164",4,urn:cite:hmt:e3bifolio.E3_145v_146r,4
urn:cite:hmt:e3footnotes.11-163,urn:cts:greekLit:tlg5026.e3.hmt:11.162,urn:cts:greekLit:tlg0012.tlg001.e3:11.455@εί κε θάνω,"urn:cite:hmt:e3bifolio.E3_145v_146r@0.2807,0.6564,0.0131,0.0164",5,urn:cite:hmt:e3bifolio.E3_145v_146r,5
urn:cite:hmt:e3footnotes.11-164,urn:cts:greekLit:tlg5026.e3.hmt:11.163,urn:cts:greekLit:tlg0012.tlg001.e3:11.457@χροὸς,"urn:cite:hmt:e3bifolio.E3_145v_146r@0.2804,0.6902,0.0131,0.0164",6,urn:cite:hmt:e3bifolio.E3_145v_146r,6
urn:cite:hmt:e3footnotes.11-165,urn:cts:greekLit:tlg5026.e3.hmt:11.164,urn:cts:greekLit:tlg0012.tlg001.e3:11.458@ἀνέσσυτο,"urn:cite:hmt:e3bifolio.E3_145v_146r@0.3467,0.7057,0.0131,0.0164",7,urn:cite:hmt:e3bifolio.E3_145v_146r,7
urn:cite:hmt:e3footnotes.11-166,urn:cts:greekLit:tlg5026.e3.hmt:11.165,urn:cts:greekLit:tlg0012.tlg001.e3:11.459@ἴδον,"urn:cite:hmt:e3bifolio.E3_145v_146r@0.617,0.3252,0.0176,0.0143",8,urn:cite:hmt:e3bifolio.E3_145v_146r,8
urn:cite:hmt:e3footnotes.11-167,urn:cts:greekLit:tlg5026.e3.hmt:11.166,urn:cts:greekLit:tlg0012.tlg001.e3:11.461@ἐξοπίσω,"urn:cite:hmt:e3bifolio.E3_145v_146r@0.5599,0.3633,0.0176,0.0143",9,urn:cite:hmt:e3bifolio.E3_145v_146r,9
urn:cite:hmt:e3footnotes.11-168,urn:cts:greekLit:tlg5026.e3.hmt:11.167,urn:cts:greekLit:tlg0012.tlg001.e3:11.462@χάδε,"urn:cite:hmt:e3bifolio.E3_145v_146r@0.6705,0.3781,0.0176,0.0143",10,urn:cite:hmt:e3bifolio.E3_145v_146r,10
urn:cite:hmt:e3footnotes.11-169,urn:cts:greekLit:tlg5026.e3.hmt:11.168,urn:cts:greekLit:tlg0012.tlg001.e3:11.463@ἀρηί̈ φίλος,"urn:cite:hmt:e3bifolio.E3_145v_146r@0.6018,0.3969,0.0176,0.0143",11,urn:cite:hmt:e3bifolio.E3_145v_146r,11
urn:cite:hmt:e3footnotes.11-170,urn:cts:greekLit:tlg5026.e3.hmt:11.169,urn:cts:greekLit:tlg0012.tlg001.e3:11.464@ἐγγὺς,"urn:cite:hmt:e3bifolio.E3_145v_146r@0.6442,0.4153,0.0176,0.0143",12,urn:cite:hmt:e3bifolio.E3_145v_146r,12
urn:cite:hmt:e3footnotes.11-171,urn:cts:greekLit:tlg5026.e3.hmt:11.170,urn:cts:greekLit:tlg0012.tlg001.e3:11.467@ἰκέλη,"urn:cite:hmt:e3bifolio.E3_145v_146r@0.5238,0.4659,0.0176,0.0143",13,urn:cite:hmt:e3bifolio.E3_145v_146r,13
urn:cite:hmt:e3footnotes.11-172,urn:cts:greekLit:tlg5026.e3.hmt:11.171,urn:cts:greekLit:tlg0012.tlg001.e3:11.469@ἀλεξέμεναι,"urn:cite:hmt:e3bifolio.E3_145v_146r@0.646,0.5004,0.0176,0.0143",14,urn:cite:hmt:e3bifolio.E3_145v_146r,14
urn:cite:hmt:e3footnotes.11-173,urn:cts:greekLit:tlg5026.e3.hmt:11.172,urn:cts:greekLit:tlg0012.tlg001.e3:11.475@κεραὸν,"urn:cite:hmt:e3bifolio.E3_145v_146r@0.5554,0.6017,0.0176,0.0143",15,urn:cite:hmt:e3bifolio.E3_145v_146r,15
urn:cite:hmt:e3footnotes.11-174,urn:cts:greekLit:tlg5026.e3.hmt:11.173,urn:cts:greekLit:tlg0012.tlg001.e3:11.478@δαμάσσεται,"urn:cite:hmt:e3bifolio.E3_145v_146r@0.5856,0.6559,0.0176,0.0143",16,urn:cite:hmt:e3bifolio.E3_145v_146r,16
urn:cite:hmt:e3footnotes.11-175,urn:cts:greekLit:tlg5026.e3.hmt:11.174,urn:cts:greekLit:tlg0012.tlg001.e3:11.484@ἀΐσσων,"urn:cite:hmt:e3bifolio.E3_146v_147r@0.2646,0.3548,0.0135,0.0179",1,urn:cite:hmt:e3bifolio.E3_146v_147r,1
urn:cite:hmt:e3footnotes.11-176,urn:cts:greekLit:tlg5026.e3.hmt:11.175,urn:cts:greekLit:tlg0012.tlg001.e3:11.488@εἵος,"urn:cite:hmt:e3bifolio.E3_146v_147r@0.3136,0.4198,0.0135,0.0179",2,urn:cite:hmt:e3bifolio.E3_146v_147r,2
urn:cite:hmt:e3footnotes.11-177,urn:cts:greekLit:tlg5026.e3.hmt:11.176,urn:cts:greekLit:tlg0012.tlg001.e3:11.490@Πριαμίδην,"urn:cite:hmt:e3bifolio.E3_146v_147r@0.2642,0.4552,0.0135,0.0179",3,urn:cite:hmt:e3bifolio.E3_146v_147r,3
urn:cite:hmt:e3footnotes.11-178,urn:cts:greekLit:tlg5026.e3.hmt:11.177,urn:cts:greekLit:tlg0012.tlg001.e3:11.492@κάτεισι,"urn:cite:hmt:e3bifolio.E3_146v_147r@0.4235,0.4896,0.0135,0.0179",4,urn:cite:hmt:e3bifolio.E3_146v_147r,4
urn:cite:hmt:e3footnotes.11-179,urn:cts:greekLit:tlg5026.e3.hmt:11.178,urn:cts:greekLit:tlg0012.tlg001.e3:11.494@ἀζαλέας,"urn:cite:hmt:e3bifolio.E3_146v_147r@0.3274,0.5066,0.0135,0.0179",5,urn:cite:hmt:e3bifolio.E3_146v_147r,5
urn:cite:hmt:e3footnotes.11-180,urn:cts:greekLit:tlg5026.e3.hmt:11.179,urn:cts:greekLit:tlg0012.tlg001.e3:11.504@κελεύθου,"urn:cite:hmt:e3bifolio.E3_146v_147r@0.3594,0.672,0.0135,0.0179",6,urn:cite:hmt:e3bifolio.E3_146v_147r,6
,urn:cts:greekLit:tlg5026.e3.hmt:11.180,,"",,,
urn:cite:hmt:e3footnotes.11-181,urn:cts:greekLit:tlg5026.e3.hmt:11.181,urn:cts:greekLit:tlg0012.tlg001.e3:11.507@ὦμον,"urn:cite:hmt:e3bifolio.E3_146v_147r@0.6711,0.3474,0.0125,0.0157",7,urn:cite:hmt:e3bifolio.E3_146v_147r,7
urn:cite:hmt:e3footnotes.11-182,urn:cts:greekLit:tlg5026.e3.hmt:11.182,urn:cts:greekLit:tlg0012.tlg001.e3:11.509@μετακλινθέντος,"urn:cite:hmt:e3bifolio.E3_146v_147r@0.6147,0.3801,0.0125,0.0157",8,urn:cite:hmt:e3bifolio.E3_146v_147r,8
urn:cite:hmt:e3footnotes.11-183,urn:cts:greekLit:tlg5026.e3.hmt:11.183,urn:cts:greekLit:tlg0012.tlg001.e3:11.510@προσεφώνεε,"urn:cite:hmt:e3bifolio.E3_146v_147r@0.6051,0.3963,0.0162,0.0191",9,urn:cite:hmt:e3bifolio.E3_146v_147r,9
urn:cite:hmt:e3footnotes.11-184,urn:cts:greekLit:tlg5026.e3.hmt:11.184,urn:cts:greekLit:tlg0012.tlg001.e3:11.512@ἄγρει,"urn:cite:hmt:e3bifolio.E3_146v_147r@0.5011,0.4248,0.0162,0.0191",10,urn:cite:hmt:e3bifolio.E3_146v_147r,10
urn:cite:hmt:e3footnotes.11-185,urn:cts:greekLit:tlg5026.e3.hmt:11.185,urn:cts:greekLit:tlg0012.tlg001.e3:11.515@ἰούς,"urn:cite:hmt:e3bifolio.E3_146v_147r@0.4917,0.4749,0.0162,0.0191",11,urn:cite:hmt:e3bifolio.E3_146v_147r,11
urn:cite:hmt:e3footnotes.11-186,urn:cts:greekLit:tlg5026.e3.hmt:11.186,urn:cts:greekLit:tlg0012.tlg001.e3:11.519@μάστιξεν,"urn:cite:hmt:e3bifolio.E3_146v_147r@0.5039,0.5421,0.0162,0.0191",12,urn:cite:hmt:e3bifolio.E3_146v_147r,12
urn:cite:hmt:e3footnotes.11-187,urn:cts:greekLit:tlg5026.e3.hmt:11.187,urn:cts:greekLit:tlg0012.tlg001.e3:11.529@προβαλόντες,"urn:cite:hmt:e3bifolio.E3_146v_147r@0.6266,0.7201,0.0162,0.0191",13,urn:cite:hmt:e3bifolio.E3_146v_147r,13
urn:cite:hmt:e3footnotes.11-188,urn:cts:greekLit:tlg5026.e3.hmt:11.188,urn:cts:greekLit:tlg0012.tlg001.e3:11.531@ἵμασεν,"urn:cite:hmt:e3bifolio.E3_147v_148r@0.3452,0.3467,0.0114,0.0159",1,urn:cite:hmt:e3bifolio.E3_147v_148r,1
urn:cite:hmt:e3footnotes.11-189,urn:cts:greekLit:tlg5026.e3.hmt:11.189,urn:cts:greekLit:tlg0012.tlg001.e3:11.534@στείβοντες,"urn:cite:hmt:e3bifolio.E3_147v_148r@0.2706,0.3975,0.0114,0.0159",2,urn:cite:hmt:e3bifolio.E3_147v_148r,2
urn:cite:hmt:e3footnotes.11-190,urn:cts:greekLit:tlg5026.e3.hmt:11.190,urn:cts:greekLit:tlg0012.tlg001.e3:11.536@ἃς ἄρ᾽ ἀφ᾽,"urn:cite:hmt:e3bifolio.E3_147v_148r@0.2698,0.4309,0.0114,0.0159",3,urn:cite:hmt:e3bifolio.E3_147v_148r,3
urn:cite:hmt:e3footnotes.11-191,urn:cts:greekLit:tlg5026.e3.hmt:11.191,urn:cts:greekLit:tlg0012.tlg001.e3:11.539@χάζετο,"urn:cite:hmt:e3bifolio.E3_147v_148r@0.4111,0.478,0.0114,0.0159",4,urn:cite:hmt:e3bifolio.E3_147v_148r,4
urn:cite:hmt:e3footnotes.11-192,urn:cts:greekLit:tlg5026.e3.hmt:11.192,urn:cts:greekLit:tlg0012.tlg001.e3:11.542@Αἴαντος,"urn:cite:hmt:e3bifolio.E3_147v_148r@0.2679,0.5317,0.0114,0.0159",5,urn:cite:hmt:e3bifolio.E3_147v_148r,5
urn:cite:hmt:e3footnotes.11-193,urn:cts:greekLit:tlg5026.e3.hmt:11.193,urn:cts:greekLit:tlg0012.tlg001.e3:11.547@ἐντροπαλιζόμενος,"urn:cite:hmt:e3bifolio.E3_147v_148r@0.2774,0.6008,0.0114,0.0159",6,urn:cite:hmt:e3bifolio.E3_147v_148r,6
urn:cite:hmt:e3footnotes.11-194,urn:cts:greekLit:tlg5026.e3.hmt:11.194,urn:cts:greekLit:tlg0012.tlg001.e3:11.548@αἴθωνα,"urn:cite:hmt:e3bifolio.E3_147v_148r@0.2847,0.6166,0.0114,0.0159",7,urn:cite:hmt:e3bifolio.E3_147v_148r,7
urn:cite:hmt:e3footnotes.11-195,urn:cts:greekLit:tlg5026.e3.hmt:11.195,urn:cts:greekLit:tlg0012.tlg001.e3:11.550@ἐκ πῖαρ,"urn:cite:hmt:e3bifolio.E3_147v_148r@0.3688,0.6459,0.0114,0.0159",8,urn:cite:hmt:e3bifolio.E3_147v_148r,8
urn:cite:hmt:e3footnotes.11-196,urn:cts:greekLit:tlg5026.e3.hmt:11.196,urn:cts:greekLit:tlg0012.tlg001.e3:11.555@ἠῶθεν,"urn:cite:hmt:e3bifolio.E3_147v_148r@0.5189,0.3153,0.0149,0.0162",9,urn:cite:hmt:e3bifolio.E3_147v_148r,9
urn:cite:hmt:e3footnotes.11-197,urn:cts:greekLit:tlg5026.e3.hmt:11.197,urn:cts:greekLit:tlg0012.tlg001.e3:11.557@ἤϊε,"urn:cite:hmt:e3bifolio.E3_147v_148r@0.5165,0.353,0.0149,0.0162",10,urn:cite:hmt:e3bifolio.E3_147v_148r,10
urn:cite:hmt:e3footnotes.11-198,urn:cts:greekLit:tlg5026.e3.hmt:11.198,urn:cts:greekLit:tlg0012.tlg001.e3:11.557@ἀέκων,"urn:cite:hmt:e3bifolio.E3_147v_148r@0.5688,0.3521,0.0149,0.0162",12,urn:cite:hmt:e3bifolio.E3_147v_148r,11
urn:cite:hmt:e3footnotes.11-199,urn:cts:greekLit:tlg5026.e3.hmt:11.199,urn:cts:greekLit:tlg0012.tlg001.e3:11.558@ὅτ᾽ ὄνος,"urn:cite:hmt:e3bifolio.E3_147v_148r@0.5373,0.371,0.0149,0.0162",12,urn:cite:hmt:e3bifolio.E3_147v_148r,12
urn:cite:hmt:e3footnotes.11-200,urn:cts:greekLit:tlg5026.e3.hmt:11.200,urn:cts:greekLit:tlg0012.tlg001.e3:11.559@ῥόπαλ᾽,"urn:cite:hmt:e3bifolio.E3_147v_148r@0.6346,0.3863,0.0149,0.0162",13,urn:cite:hmt:e3bifolio.E3_147v_148r,13
urn:cite:hmt:e3footnotes.11-201,urn:cts:greekLit:tlg5026.e3.hmt:11.201,urn:cts:greekLit:tlg0012.tlg001.e3:11.566@μνησάσκετο,"urn:cite:hmt:e3bifolio.E3_147v_148r@0.6015,0.5051,0.0149,0.0162",14,urn:cite:hmt:e3bifolio.E3_147v_148r,14
urn:cite:hmt:e3footnotes.11-202,urn:cts:greekLit:tlg5026.e3.hmt:11.202,urn:cts:greekLit:tlg0012.tlg001.e3:11.569@προέεργε,"urn:cite:hmt:e3bifolio.E3_147v_148r@0.5548,0.5533,0.0149,0.0162",15,urn:cite:hmt:e3bifolio.E3_147v_148r,15
urn:cite:hmt:e3footnotes.11-203,urn:cts:greekLit:tlg5026.e3.hmt:11.203,urn:cts:greekLit:tlg0012.tlg001.e3:11.574@ἆσαι,"urn:cite:hmt:e3bifolio.E3_147v_148r@0.6904,0.6405,0.0149,0.0162",16,urn:cite:hmt:e3bifolio.E3_147v_148r,16
urn:cite:hmt:e3footnotes.11-204,urn:cts:greekLit:tlg5026.e3.hmt:11.204,urn:cts:greekLit:tlg0012.tlg001.e3:11.577@παρ᾽ αὐτὸν,"urn:cite:hmt:e3bifolio.E3_147v_148r@0.5349,0.6857,0.0149,0.0162",17,urn:cite:hmt:e3bifolio.E3_147v_148r,17


urn:cite:hmt:e3footnotes.11-205,urn:cts:greekLit:tlg5026.e3.hmt:11.205,urn:cts:greekLit:tlg0012.tlg001.e3:11.578@πραπίδων,"urn:cite:hmt:e3bifolio.E3_148v_149r@0.3083,0.2928,0.017,0.0195",1,urn:cite:hmt:e3bifolio.E3_148v_149r,1
urn:cite:hmt:e3footnotes.11-206,urn:cts:greekLit:tlg5026.e3.hmt:11.206,urn:cts:greekLit:tlg0012.tlg001.e3:11.579@αἴνυτο,"urn:cite:hmt:e3bifolio.E3_148v_149r@0.3864,0.3123,0.017,0.0195",2,urn:cite:hmt:e3bifolio.E3_148v_149r,2
urn:cite:hmt:e3footnotes.11-207,urn:cts:greekLit:tlg5026.e3.hmt:11.207,urn:cts:greekLit:tlg0012.tlg001.e3:11.584@δόναξ,"urn:cite:hmt:e3bifolio.E3_148v_149r@0.3574,0.3814,0.028,0.0195",3,urn:cite:hmt:e3bifolio.E3_148v_149r,3
urn:cite:hmt:e3footnotes.11-208,urn:cts:greekLit:tlg5026.e3.hmt:11.208,urn:cts:greekLit:tlg0012.tlg001.e3:11.586@διαπρύσιον,"urn:cite:hmt:e3bifolio.E3_148v_149r@0.3053,0.4159,0.028,0.0195",4,urn:cite:hmt:e3bifolio.E3_148v_149r,4
urn:cite:hmt:e3footnotes.11-209,urn:cts:greekLit:tlg5026.e3.hmt:11.209,urn:cts:greekLit:tlg0012.tlg001.e3:11.589@φεύξεσθ',"urn:cite:hmt:e3bifolio.E3_148v_149r@0.2663,0.4775,0.021,0.024",5,urn:cite:hmt:e3bifolio.E3_148v_149r,5
urn:cite:hmt:e3footnotes.11-210,urn:cts:greekLit:tlg5026.e3.hmt:11.210,urn:cts:greekLit:tlg0012.tlg001.e3:11.593@κλίναντες,"urn:cite:hmt:e3bifolio.E3_148v_149r@0.4044,0.53,0.028,0.021",6,urn:cite:hmt:e3bifolio.E3_148v_149r,6
urn:cite:hmt:e3footnotes.11-211,urn:cts:greekLit:tlg5026.e3.hmt:11.211,urn:cts:greekLit:tlg0012.tlg001.e3:11.595@μεταστρεφθείς,"urn:cite:hmt:e3bifolio.E3_148v_149r@0.2963,0.5691,0.031,0.0195",7,urn:cite:hmt:e3bifolio.E3_148v_149r,7
urn:cite:hmt:e3footnotes.11-212,urn:cts:greekLit:tlg5026.e3.hmt:11.212,urn:cts:greekLit:tlg0012.tlg001.e3:11.596@δέμας,"urn:cite:hmt:e3bifolio.E3_148v_149r@0.3614,0.5841,0.013,0.0195",8,urn:cite:hmt:e3bifolio.E3_148v_149r,8
urn:cite:hmt:e3footnotes.11-213,urn:cts:greekLit:tlg5026.e3.hmt:11.213,,,,urn:cite:hmt:e3bifolio.E3_148v_149r,
urn:cite:hmt:e3footnotes.11-214,urn:cts:greekLit:tlg5026.e3.hmt:11.214,urn:cts:greekLit:tlg0012.tlg001.e3:11.598@Μαχάονα,"urn:cite:hmt:e3bifolio.E3_148v_149r@0.3433,0.6141,0.019,0.0225",10,urn:cite:hmt:e3bifolio.E3_148v_149r,9
urn:cite:hmt:e3footnotes.11-215,urn:cts:greekLit:tlg5026.e3.hmt:11.215,urn:cts:greekLit:tlg0012.tlg001.e3:11.599@ἐνόησε,"urn:cite:hmt:e3bifolio.E3_148v_149r@0.3243,0.6321,0.019,0.0225",11,urn:cite:hmt:e3bifolio.E3_148v_149r,10
urn:cite:hmt:e3footnotes.11-216,urn:cts:greekLit:tlg5026.e3.hmt:11.216,urn:cts:greekLit:tlg0012.tlg001.e3:11.600@ἑστήκει,"urn:cite:hmt:e3bifolio.E3_148v_149r@0.2783,0.6486,0.019,0.0225",12,urn:cite:hmt:e3bifolio.E3_148v_149r,11
urn:cite:hmt:e3footnotes.11-217,urn:cts:greekLit:tlg5026.e3.hmt:11.217,urn:cts:greekLit:tlg0012.tlg001.e3:11.602@ἑταῖρον,"urn:cite:hmt:e3bifolio.E3_148v_149r@0.3083,0.6847,0.017,0.0165",13,urn:cite:hmt:e3bifolio.E3_148v_149r,12
urn:cite:hmt:e3footnotes.11-218,urn:cts:greekLit:tlg5026.e3.hmt:11.218,urn:cts:greekLit:tlg0012.tlg001.e3:11.604@κακοῦ,"urn:cite:hmt:e3bifolio.E3_148v_149r@0.6066,0.3153,0.028,0.03",14,urn:cite:hmt:e3bifolio.E3_148v_149r,13
urn:cite:hmt:e3footnotes.11-219,urn:cts:greekLit:tlg5026.e3.hmt:11.219,urn:cts:greekLit:tlg0012.tlg001.e3:11.609@ὀίω,"urn:cite:hmt:e3bifolio.E3_148v_149r@0.5155,0.4039,0.028,0.021",15,urn:cite:hmt:e3bifolio.E3_148v_149r,14
urn:cite:hmt:e3footnotes.11-220,urn:cts:greekLit:tlg5026.e3.hmt:11.220,urn:cts:greekLit:tlg0012.tlg001.e3:11.616@ἐπεπείθεθ',"urn:cite:hmt:e3bifolio.E3_148v_149r@0.6256,0.515,0.03,0.033",16,urn:cite:hmt:e3bifolio.E3_148v_149r,15
urn:cite:hmt:e3footnotes.11-221,urn:cts:greekLit:tlg5026.e3.hmt:11.221,urn:cts:greekLit:tlg0012.tlg001.e3:11.617@θέειν,"urn:cite:hmt:e3bifolio.E3_148v_149r@0.5315,0.5315,0.015,0.0225",17,urn:cite:hmt:e3bifolio.E3_148v_149r,16
urn:cite:hmt:e3footnotes.11-222,urn:cts:greekLit:tlg5026.e3.hmt:11.222,urn:cts:greekLit:tlg0012.tlg001.e3:11.618@οἳ δ',"urn:cite:hmt:e3bifolio.E3_148v_149r@0.4965,0.5511,0.017,0.0225",18,urn:cite:hmt:e3bifolio.E3_148v_149r,17
urn:cite:hmt:e3footnotes.11-223,urn:cts:greekLit:tlg5026.e3.hmt:11.223,urn:cts:greekLit:tlg0012.tlg001.e3:11.619@μέν,"urn:cite:hmt:e3bifolio.E3_148v_149r@0.5195,0.5646,0.017,0.0225",19,urn:cite:hmt:e3bifolio.E3_148v_149r,18
urn:cite:hmt:e3footnotes.11-224,urn:cts:greekLit:tlg5026.e3.hmt:11.224,urn:cts:greekLit:tlg0012.tlg001.e3:11.620@Εὐρυμέδων,"urn:cite:hmt:e3bifolio.E3_148v_149r@0.5455,0.5826,0.017,0.0225",20,urn:cite:hmt:e3bifolio.E3_148v_149r,19
urn:cite:hmt:e3footnotes.11-225,urn:cts:greekLit:tlg5026.e3.hmt:11.225,urn:cts:greekLit:tlg0012.tlg001.e3:11.624@τεῦχε κυκειῶ,"urn:cite:hmt:e3bifolio.E3_148v_149r@0.5506,0.6532,0.017,0.0225",21,urn:cite:hmt:e3bifolio.E3_148v_149r,20
urn:cite:hmt:e3footnotes.11-227,urn:cts:greekLit:tlg5026.e3.hmt:11.227,urn:cts:greekLit:tlg0012.tlg001.e3:11.628@ἐπιπροΐηλε,"urn:cite:hmt:e3bifolio.E3_149v_150r@0.382,0.3423,0.0087,0.0122",1,urn:cite:hmt:e3bifolio.E3_149v_150r,1
urn:cite:hmt:e3footnotes.11-228,urn:cts:greekLit:tlg5026.e3.hmt:11.228,urn:cts:greekLit:tlg0012.tlg001.e3:11.629@κυανόπεζαν,"urn:cite:hmt:e3bifolio.E3_149v_150r@0.303,0.3563,0.0077,0.0108",2,urn:cite:hmt:e3bifolio.E3_149v_150r,2
urn:cite:hmt:e3footnotes.11-229,urn:cts:greekLit:tlg5026.e3.hmt:11.229,urn:cts:greekLit:tlg0012.tlg001.e3:11.630@κρόμυον,"urn:cite:hmt:e3bifolio.E3_149v_150r@0.3702,0.3711,0.0077,0.0144",3,urn:cite:hmt:e3bifolio.E3_149v_150r,3
urn:cite:hmt:e3footnotes.11-230,urn:cts:greekLit:tlg5026.e3.hmt:11.230,urn:cts:greekLit:tlg0012.tlg001.e3:11.634@τέσσαρ᾽,"urn:cite:hmt:e3bifolio.E3_149v_150r@0.2595,0.4395,0.0101,0.013",4,urn:cite:hmt:e3bifolio.E3_149v_150r,4
urn:cite:hmt:e3footnotes.11-231,urn:cts:greekLit:tlg5026.e3.hmt:11.231,urn:cts:greekLit:tlg0012.tlg001.e3:11.634@πελειάδες,"urn:cite:hmt:e3bifolio.E3_149v_150r@0.3577,0.4402,0.0087,0.013",5,urn:cite:hmt:e3bifolio.E3_149v_150r,5
urn:cite:hmt:e3footnotes.11-232,urn:cts:greekLit:tlg5026.e3.hmt:11.232,urn:cts:greekLit:tlg0012.tlg001.e3:11.635@ὑπὸ πυθμένες,"urn:cite:hmt:e3bifolio.E3_149v_150r@0.3839,0.4568,0.0087,0.0122",6,urn:cite:hmt:e3bifolio.E3_149v_150r,6
urn:cite:hmt:e3footnotes.11-233,urn:cts:greekLit:tlg5026.e3.hmt:11.233,urn:cts:greekLit:tlg0012.tlg001.e3:11.636@ἄλλος,"urn:cite:hmt:e3bifolio.E3_149v_150r@0.2611,0.4727,0.0096,0.0137",7,urn:cite:hmt:e3bifolio.E3_149v_150r,7
urn:cite:hmt:e3footnotes.11-234,urn:cts:greekLit:tlg5026.e3.hmt:11.234,urn:cts:greekLit:tlg0012.tlg001.e3:11.637@ἀμογητὶ,"urn:cite:hmt:e3bifolio.E3_149v_150r@0.383,0.4885,0.0087,0.0144",8,urn:cite:hmt:e3bifolio.E3_149v_150r,8
urn:cite:hmt:e3footnotes.11-235,urn:cts:greekLit:tlg5026.e3.hmt:11.235,urn:cts:greekLit:tlg0012.tlg001.e3:11.639@Πραμνείῳ,"urn:cite:hmt:e3bifolio.E3_149v_150r@0.2861,0.522,0.0111,0.0137",9,urn:cite:hmt:e3bifolio.E3_149v_150r,9
urn:cite:hmt:e3footnotes.11-236,urn:cts:greekLit:tlg5026.e3.hmt:11.236,urn:cts:greekLit:tlg0012.tlg001.e3:11.642@πολυκαγκέα,"urn:cite:hmt:e3bifolio.E3_149v_150r@0.3938,0.5703,0.0084,0.0159",10,urn:cite:hmt:e3bifolio.E3_149v_150r,10
urn:cite:hmt:e3footnotes.11-237,urn:cts:greekLit:tlg5026.e3.hmt:11.237,urn:cts:greekLit:tlg0012.tlg001.e3:11.645@ὁ γεραιὸς,"urn:cite:hmt:e3bifolio.E3_149v_150r@0.3217,0.6232,0.0135,0.0155",11,urn:cite:hmt:e3bifolio.E3_149v_150r,11
urn:cite:hmt:e3footnotes.11-238,urn:cts:greekLit:tlg5026.e3.hmt:11.237,urn:cts:greekLit:tlg0012.tlg001.e3:11.645@θρόνου,"urn:cite:hmt:e3bifolio.E3_149v_150r@0.3758,0.6189,0.0115,0.0166",11,urn:cite:hmt:e3bifolio.E3_149v_150r,12
urn:cite:hmt:e3footnotes.11-239,urn:cts:greekLit:tlg5026.e3.hmt:11.238,urn:cts:greekLit:tlg0012.tlg001.e3:11.647@ἀναίνετο,"urn:cite:hmt:e3bifolio.E3_149v_150r@0.3698,0.6535,0.0118,0.0155",12,urn:cite:hmt:e3bifolio.E3_149v_150r,13
urn:cite:hmt:e3footnotes.11-240,urn:cts:greekLit:tlg5026.e3.hmt:11.239,urn:cts:greekLit:tlg0012.tlg001.e3:11.654@ἀναίτιον,"urn:cite:hmt:e3bifolio.E3_149v_150r@0.643,0.3768,0.0105,0.0178",13,urn:cite:hmt:e3bifolio.E3_149v_150r,14
urn:cite:hmt:e3footnotes.11-241,urn:cts:greekLit:tlg5026.e3.hmt:11.240,urn:cts:greekLit:tlg0012.tlg001.e3:11.656@ὀλοφύρεται,"urn:cite:hmt:e3bifolio.E3_149v_150r@0.6103,0.4108,0.0135,0.015",14,urn:cite:hmt:e3bifolio.E3_149v_150r,15
urn:cite:hmt:e3footnotes.11-242,urn:cts:greekLit:tlg5026.e3.hmt:11.241,urn:cts:greekLit:tlg0012.tlg001.e3:11.665@ἐσθλὸς,"urn:cite:hmt:e3bifolio.E3_149v_150r@0.5147,0.5437,0.0092,0.0146",15,urn:cite:hmt:e3bifolio.E3_149v_150r,16
urn:cite:hmt:e3footnotes.11-243,urn:cts:greekLit:tlg5026.e3.hmt:11.242,urn:cts:greekLit:tlg0012.tlg001.e3:11.666@ἄγχι,"urn:cite:hmt:e3bifolio.E3_149v_150r@0.6503,0.5676,0.0113,0.0146",16,urn:cite:hmt:e3bifolio.E3_149v_150r,17
urn:cite:hmt:e3footnotes.11-244,urn:cts:greekLit:tlg5026.e3.hmt:11.243,urn:cts:greekLit:tlg0012.tlg001.e3:11.668@ἐπισχερώ,"urn:cite:hmt:e3bifolio.E3_149v_150r@0.61,0.5996,0.0086,0.0154",17,urn:cite:hmt:e3bifolio.E3_149v_150r,18
urn:cite:hmt:e3footnotes.11-245,urn:cts:greekLit:tlg5026.e3.hmt:11.244,urn:cts:greekLit:tlg0012.tlg001.e3:11.669@οἵη,"urn:cite:hmt:e3bifolio.E3_149v_150r@0.5355,0.6117,0.0111,0.0142",18,urn:cite:hmt:e3bifolio.E3_149v_150r,19
urn:cite:hmt:e3footnotes.11-246,urn:cts:greekLit:tlg5026.e3.hmt:11.245,urn:cts:greekLit:tlg0012.tlg001.e3:11.670@ἡβώοιμι,"urn:cite:hmt:e3bifolio.E3_149v_150r@0.5422,0.6312,0.0111,0.015",19,urn:cite:hmt:e3bifolio.E3_149v_150r,20
urn:cite:hmt:e3footnotes.11-247,urn:cts:greekLit:tlg5026.e3.hmt:11.246,urn:cts:greekLit:tlg0012.tlg001.e3:11.671@ὁπότ᾽,"urn:cite:hmt:e3bifolio.E3_149v_150r@0.526,0.6466,0.0095,0.0158",20,urn:cite:hmt:e3bifolio.E3_149v_150r,21
urn:cite:hmt:e3footnotes.11-248,urn:cts:greekLit:tlg5026.e3.hmt:11.247,urn:cts:greekLit:tlg0012.tlg001.e3:11.674@ῥύσι᾽,"urn:cite:hmt:e3bifolio.E3_149v_150r@0.505,0.6952,0.0132,0.0134",21,urn:cite:hmt:e3bifolio.E3_149v_150r,22
urn:cite:hmt:e3footnotes.11-249,urn:cts:greekLit:tlg5026.e3.hmt:11.248,urn:cts:greekLit:tlg0012.tlg001.e3:11.675@πρώτοισιν,"urn:cite:hmt:e3bifolio.E3_149v_150r@0.5687,0.7183,0.0151,0.0134",22,urn:cite:hmt:e3bifolio.E3_149v_150r,23
urn:cite:hmt:e3footnotes.11-250,urn:cts:greekLit:tlg5026.e3.hmt:11.249,urn:cts:greekLit:tlg0012.tlg001.e3:11.676@περίτρεσαν,"urn:cite:hmt:e3bifolio.E3_150v_151r@0.4144,0.2613,0.022,0.0255",1,urn:cite:hmt:e3bifolio.E3_150v_151r,1
urn:cite:hmt:e3footnotes.11-251,urn:cts:greekLit:tlg5026.e3.hmt:11.250,urn:cts:greekLit:tlg0012.tlg001.e3:11.677@ἤλιθα,"urn:cite:hmt:e3bifolio.E3_150v_151r@0.4855,0.2838,0.022,0.0255",2,urn:cite:hmt:e3bifolio.E3_150v_151r,2
urn:cite:hmt:e3footnotes.11-252,urn:cts:greekLit:tlg5026.e3.hmt:11.251,urn:cts:greekLit:tlg0012.tlg001.e3:11.678@πεντήκοντα,"urn:cite:hmt:e3bifolio.E3_150v_151r@0.3433,0.3048,0.022,0.0255",3,urn:cite:hmt:e3bifolio.E3_150v_151r,3
urn:cite:hmt:e3footnotes.11-253,urn:cts:greekLit:tlg5026.e3.hmt:11.252,urn:cts:greekLit:tlg0012.tlg001.e3:11.686@χρεος,"urn:cite:hmt:e3bifolio.E3_150v_151r@0.3824,0.4399,0.017,0.0225",4,urn:cite:hmt:e3bifolio.E3_150v_151r,4
urn:cite:hmt:e3footnotes.11-254,urn:cts:greekLit:tlg5026.e3.hmt:11.253,urn:cts:greekLit:tlg0012.tlg001.e3:11.688@ὄφελλον,"urn:cite:hmt:e3bifolio.E3_150v_151r@0.5055,0.4715,0.017,0.0225",5,urn:cite:hmt:e3bifolio.E3_150v_151r,5
urn:cite:hmt:e3footnotes.11-255,urn:cts:greekLit:tlg5026.e3.hmt:11.254,urn:cts:greekLit:tlg0012.tlg001.e3:11.690@ἐκάκωσε,"urn:cite:hmt:e3bifolio.E3_150v_151r@0.3884,0.5135,0.017,0.0225",6,urn:cite:hmt:e3bifolio.E3_150v_151r,6
urn:cite:hmt:e3footnotes.11-256,urn:cts:greekLit:tlg5026.e3.hmt:11.255,urn:cts:greekLit:tlg0012.tlg001.e3:11.692@Νηλῆος,"urn:cite:hmt:e3bifolio.E3_150v_151r@0.3734,0.539,0.022,0.033",7,urn:cite:hmt:e3bifolio.E3_150v_151r,7
urn:cite:hmt:e3footnotes.11-257,urn:cts:greekLit:tlg5026.e3.hmt:11.256,urn:cts:greekLit:tlg0012.tlg001.e3:11.699@τέσσαρες,"urn:cite:hmt:e3bifolio.E3_150v_151r@0.3243,0.6637,0.022,0.033",8,urn:cite:hmt:e3bifolio.E3_150v_151r,8
urn:cite:hmt:e3footnotes.11-258,urn:cts:greekLit:tlg5026.e3.hmt:11.257,urn:cts:greekLit:tlg0012.tlg001.e3:11.700@τρίποδος,"urn:cite:hmt:e3bifolio.E3_150v_151r@0.6907,0.2598,0.015,0.027",9,urn:cite:hmt:e3bifolio.E3_150v_151r,9
urn:cite:hmt:e3footnotes.11-259,urn:cts:greekLit:tlg5026.e3.hmt:11.258,urn:cts:greekLit:tlg0012.tlg001.e3:11.703@ἐπέων,"urn:cite:hmt:e3bifolio.E3_150v_151r@0.6336,0.3183,0.019,0.0255",10,urn:cite:hmt:e3bifolio.E3_150v_151r,10
urn:cite:hmt:e3footnotes.11-260,urn:cts:greekLit:tlg5026.e3.hmt:11.259,urn:cts:greekLit:tlg0012.tlg001.e3:11.708@ἦλθον,"urn:cite:hmt:e3bifolio.E3_150v_151r@0.5696,0.4054,0.019,0.0255",11,urn:cite:hmt:e3bifolio.E3_150v_151r,11
urn:cite:hmt:e3footnotes.11-261,urn:cts:greekLit:tlg5026.e3.hmt:11.260,urn:cts:greekLit:tlg0012.tlg001.e3:11.711@Θρυόεσσα,"urn:cite:hmt:e3bifolio.E3_150v_151r@0.6146,0.458,0.019,0.024",12,urn:cite:hmt:e3bifolio.E3_150v_151r,12
urn:cite:hmt:e3footnotes.11-262,urn:cts:greekLit:tlg5026.e3.hmt:11.261,urn:cts:greekLit:tlg0012.tlg001.e3:11.715@ἄγγελος,"urn:cite:hmt:e3bifolio.E3_150v_151r@0.5746,0.521,0.017,0.0285",13,urn:cite:hmt:e3bifolio.E3_150v_151r,13
urn:cite:hmt:e3footnotes.11-263,urn:cts:greekLit:tlg5026.e3.hmt:11.262,urn:cts:greekLit:tlg0012.tlg001.e3:11.717@οὐδέ με,"urn:cite:hmt:e3bifolio.E3_150v_151r@0.7277,0.5571,0.026,0.0375",14,urn:cite:hmt:e3bifolio.E3_150v_151r,14
urn:cite:hmt:e3footnotes.11-264,urn:cts:greekLit:tlg5026.e3.hmt:11.263,urn:cts:greekLit:tlg0012.tlg001.e3:11.719@οὐ γάρ,"urn:cite:hmt:e3bifolio.E3_150v_151r@0.5636,0.5886,0.017,0.027",15,urn:cite:hmt:e3bifolio.E3_150v_151r,15
urn:cite:hmt:e3footnotes.11-265,urn:cts:greekLit:tlg5026.e3.hmt:11.264,urn:cts:greekLit:tlg0012.tlg001.e3:11.721@πεζός,"urn:cite:hmt:e3bifolio.E3_150v_151r@0.5786,0.6231,0.017,0.027",16,urn:cite:hmt:e3bifolio.E3_150v_151r,16
urn:cite:hmt:e3footnotes.11-266,urn:cts:greekLit:tlg5026.e3.hmt:11.265,urn:cts:greekLit:tlg0012.tlg001.e3:11.725@ἔνθεν,"urn:cite:hmt:e3bifolio.E3_151v_151bisr@0.2853,0.2508,0.018,0.0255",1,urn:cite:hmt:e3bifolio.E3_151v_151bisr,1
urn:cite:hmt:e3footnotes.11-267,urn:cts:greekLit:tlg5026.e3.hmt:11.266,urn:cts:greekLit:tlg0012.tlg001.e3:11.730@τελέεσσι,"urn:cite:hmt:e3bifolio.E3_151v_151bisr@0.4494,0.3348,0.02,0.021",2,urn:cite:hmt:e3bifolio.E3_151v_151bisr,2
urn:cite:hmt:e3footnotes.11-268,urn:cts:greekLit:tlg5026.e3.hmt:11.267,urn:cts:greekLit:tlg0012.tlg001.e3:11.731@ἐν ἔντεσιν,"urn:cite:hmt:e3bifolio.E3_151v_151bisr@0.3874,0.3544,0.02,0.021",3,urn:cite:hmt:e3bifolio.E3_151v_151bisr,3
urn:cite:hmt:e3footnotes.11-269,urn:cts:greekLit:tlg5026.e3.hmt:11.268,urn:cts:greekLit:tlg0012.tlg001.e3:11.734@σφιν,"urn:cite:hmt:e3bifolio.E3_151v_151bisr@0.3073,0.4114,0.019,0.0165",4,urn:cite:hmt:e3bifolio.E3_151v_151bisr,4
urn:cite:hmt:e3footnotes.11-270,urn:cts:greekLit:tlg5026.e3.hmt:11.269,urn:cts:greekLit:tlg0012.tlg001.e3:11.738@ἕλον,"urn:cite:hmt:e3bifolio.E3_151v_151bisr@0.3283,0.479,0.019,0.0165",5,urn:cite:hmt:e3bifolio.E3_151v_151bisr,5
urn:cite:hmt:e3footnotes.11-271,urn:cts:greekLit:tlg5026.e3.hmt:11.270,urn:cts:greekLit:tlg0012.tlg001.e3:11.741@φάρμακα,"urn:cite:hmt:e3bifolio.E3_151v_151bisr@0.3253,0.5285,0.019,0.0165",6,urn:cite:hmt:e3bifolio.E3_151v_151bisr,6
urn:cite:hmt:e3footnotes.11-272,urn:cts:greekLit:tlg5026.e3.hmt:11.271,urn:cts:greekLit:tlg0012.tlg001.e3:11.754@σπιδέος,"urn:cite:hmt:e3bifolio.E3_151v_151bisr@0.6527,0.3258,0.027,0.033",7,urn:cite:hmt:e3bifolio.E3_151v_151bisr,7
urn:cite:hmt:e3footnotes.11-273,urn:cts:greekLit:tlg5026.e3.hmt:11.272,urn:cts:greekLit:tlg0012.tlg001.e3:11.759@Ἀχαιοὶ,"urn:cite:hmt:e3bifolio.E3_151v_151bisr@0.7107,0.4204,0.029,0.021",8,urn:cite:hmt:e3bifolio.E3_151v_151bisr,8
urn:cite:hmt:e3footnotes.11-274,urn:cts:greekLit:tlg5026.e3.hmt:11.273,urn:cts:greekLit:tlg0012.tlg001.e3:11.761@Νέστορί,"urn:cite:hmt:e3bifolio.E3_151v_151bisr@0.6787,0.452,0.019,0.021",9,urn:cite:hmt:e3bifolio.E3_151v_151bisr,9
urn:cite:hmt:e3footnotes.11-275,urn:cts:greekLit:tlg5026.e3.hmt:11.274,urn:cts:greekLit:tlg0012.tlg001.e3:11.763@ἀπονήσεται,"urn:cite:hmt:e3bifolio.E3_151v_151bisr@0.6066,0.4805,0.03,0.0255",10,urn:cite:hmt:e3bifolio.E3_151v_151bisr,10
urn:cite:hmt:e3footnotes.11-276,urn:cts:greekLit:tlg5026.e3.hmt:11.275,urn:cts:greekLit:tlg0012.tlg001.e3:11.764@μετακλαύσεσθαι,"urn:cite:hmt:e3bifolio.E3_151v_151bisr@0.5876,0.497,0.023,0.0255",11,urn:cite:hmt:e3bifolio.E3_151v_151bisr,11
urn:cite:hmt:e3footnotes.11-277,urn:cts:greekLit:tlg5026.e3.hmt:11.276,urn:cts:greekLit:tlg0012.tlg001.e3:11.765@σοί,"urn:cite:hmt:e3bifolio.E3_151v_151bisr@0.5866,0.518,0.023,0.0255",12,urn:cite:hmt:e3bifolio.E3_151v_151bisr,12
urn:cite:hmt:e3footnotes.11-278,urn:cts:greekLit:tlg5026.e3.hmt:11.277,urn:cts:greekLit:tlg0012.tlg001.e3:11.767@ἐόντες,"urn:cite:hmt:e3bifolio.E3_151v_151bisr@0.5906,0.548,0.023,0.0255",13,urn:cite:hmt:e3bifolio.E3_151v_151bisr,13
urn:cite:hmt:e3footnotes.11-279,urn:cts:greekLit:tlg5026.e3.hmt:11.278,urn:cts:greekLit:tlg0012.tlg001.e3:11.769@Πηλῆος,"urn:cite:hmt:e3bifolio.E3_151v_151bisr@0.5485,0.5841,0.023,0.0255",14,urn:cite:hmt:e3bifolio.E3_151v_151bisr,14
urn:cite:hmt:e3footnotes.11-281,urn:cts:greekLit:tlg5026.e3.hmt:11.280,urn:cts:greekLit:tlg0012.tlg001.e3:11.773@πίονα μηρί᾽,"IMG",1,urn:cite:hmt:e3bifolio.E3_151bisv_152r,1
urn:cite:hmt:e3footnotes.11-282,urn:cts:greekLit:tlg5026.e3.hmt:11.281,urn:cts:greekLit:tlg0012.tlg001.e3:11.778@ἄγε χειρὸς,"IMG",2,urn:cite:hmt:e3bifolio.E3_151bisv_152r,2
urn:cite:hmt:e3footnotes.11-283,urn:cts:greekLit:tlg5026.e3.hmt:11.282,urn:cts:greekLit:tlg0012.tlg001.e3:11.779@εὖ παρέθηκεν,"IMG",3,urn:cite:hmt:e3bifolio.E3_151bisv_152r,3
urn:cite:hmt:e3footnotes.11-284,urn:cts:greekLit:tlg5026.e3.hmt:11.283,urn:cts:greekLit:tlg0012.tlg001.e3:11.785@ἐπέτελλε Μενοίτιος,"IMG",4,urn:cite:hmt:e3bifolio.E3_151bisv_152r,4
urn:cite:hmt:e3footnotes.11-285,urn:cts:greekLit:tlg5026.e3.hmt:11.284,urn:cts:greekLit:tlg0012.tlg001.e3:11.787@πρεσβύτερος,"IMG",5,urn:cite:hmt:e3bifolio.E3_151bisv_152r,5
urn:cite:hmt:e3footnotes.11-286,urn:cts:greekLit:tlg5026.e3.hmt:11.285,urn:cts:greekLit:tlg0012.tlg001.e3:11.790@λήθεαι,"IMG",6,urn:cite:hmt:e3bifolio.E3_151bisv_152r,6
urn:cite:hmt:e3footnotes.11-287,urn:cts:greekLit:tlg5026.e3.hmt:11.286,urn:cts:greekLit:tlg0012.tlg001.e3:11.792@οἶδ᾽ εἴ κέν,"IMG",7,urn:cite:hmt:e3bifolio.E3_151bisv_152r,7
urn:cite:hmt:e3footnotes.11-288,urn:cts:greekLit:tlg5026.e3.hmt:11.287,urn:cts:greekLit:tlg0012.tlg001.e3:11.794@θεοπροπίην,"IMG",8,urn:cite:hmt:e3bifolio.E3_151bisv_152r,8
urn:cite:hmt:e3footnotes.11-289,urn:cts:greekLit:tlg5026.e3.hmt:11.288,,,,urn:cite:hmt:e3bifolio.E3_151bisv_152r,
urn:cite:hmt:e3footnotes.11-290,urn:cts:greekLit:tlg5026.e3.hmt:11.289,,,,urn:cite:hmt:e3bifolio.E3_151bisv_152r,
urn:cite:hmt:e3footnotes.11-291,urn:cts:greekLit:tlg5026.e3.hmt:11.290,,,,urn:cite:hmt:e3bifolio.E3_151bisv_152r,
urn:cite:hmt:e3footnotes.11-292,urn:cts:greekLit:tlg5026.e3.hmt:11.291,,,,urn:cite:hmt:e3bifolio.E3_151bisv_152r,
urn:cite:hmt:e3footnotes.11-293,urn:cts:greekLit:tlg5026.e3.hmt:11.292,,,,urn:cite:hmt:e3bifolio.E3_151bisv_152r,
urn:cite:hmt:e3footnotes.11-294,urn:cts:greekLit:tlg5026.e3.hmt:11.293,,,,urn:cite:hmt:e3bifolio.E3_151bisv_152r,
urn:cite:hmt:e3footnotes.11-295,urn:cts:greekLit:tlg5026.e3.hmt:11.294,,,,urn:cite:hmt:e3bifolio.E3_151bisv_152r,
urn:cite:hmt:e3footnotes.11-296,urn:cts:greekLit:tlg5026.e3.hmt:11.295,,,,urn:cite:hmt:e3bifolio.E3_151bisv_152r,
urn:cite:hmt:e3footnotes.11-297,urn:cts:greekLit:tlg5026.e3.hmt:11.296,,,,urn:cite:hmt:e3bifolio.E3_151bisv_152r,
urn:cite:hmt:e3footnotes.11-298,urn:cts:greekLit:tlg5026.e3.hmt:11.297,,,,urn:cite:hmt:e3bifolio.E3_151bisv_152r,
urn:cite:hmt:e3footnotes.11-299,urn:cts:greekLit:tlg5026.e3.hmt:11.298,urn:cts:greekLit:tlg0012.tlg001.e3:11.820@σχήσουσι,"IMG",1,urn:cite:hmt:e3bifolio.E3_152v_153r,1
urn:cite:hmt:e3footnotes.11-300,urn:cts:greekLit:tlg5026.e3.hmt:11.299,urn:cts:greekLit:tlg0012.tlg001.e3:11.824@πεσέονται,"IMG",2,urn:cite:hmt:e3bifolio.E3_152v_153r,2
urn:cite:hmt:e3footnotes.11-301,urn:cts:greekLit:tlg5026.e3.hmt:11.300,urn:cts:greekLit:tlg0012.tlg001.e3:11.829@ἔκταμ᾽,"IMG",3,urn:cite:hmt:e3bifolio.E3_152v_153r,3
urn:cite:hmt:e3footnotes.11-302,urn:cts:greekLit:tlg5026.e3.hmt:11.301,urn:cts:greekLit:tlg0012.tlg001.e3:11.830@ἤπια,"IMG",4,urn:cite:hmt:e3bifolio.E3_152v_153r,4
urn:cite:hmt:e3footnotes.11-303,urn:cts:greekLit:tlg5026.e3.hmt:11.302,urn:cts:greekLit:tlg0012.tlg001.e3:11.832@δικαιότατος,"IMG",5,urn:cite:hmt:e3bifolio.E3_152v_153r,5
urn:cite:hmt:e3footnotes.11-304,urn:cts:greekLit:tlg5026.e3.hmt:11.303,urn:cts:greekLit:tlg0012.tlg001.e3:11.835@χρηΐζοντα,"IMG",6,urn:cite:hmt:e3bifolio.E3_152v_153r,6
urn:cite:hmt:e3footnotes.11-305,urn:cts:greekLit:tlg5026.e3.hmt:11.304,urn:cts:greekLit:tlg0012.tlg001.e3:11.842@στέρνοιο,"IMG",7,urn:cite:hmt:e3bifolio.E3_152v_153r,7
urn:cite:hmt:e3footnotes.11-306,urn:cts:greekLit:tlg5026.e3.hmt:11.305,urn:cts:greekLit:tlg0012.tlg001.e3:11.844@ἐκτανύσας,"IMG",8,urn:cite:hmt:e3bifolio.E3_152v_153r,8
urn:cite:hmt:e3footnotes.11-307,urn:cts:greekLit:tlg5026.e3.hmt:11.306,urn:cts:greekLit:tlg0012.tlg001.e3:11.846@ῥίζαν,"IMG",9,urn:cite:hmt:e3bifolio.E3_152v_153r,9
urn:cite:hmt:e3footnotes.11-308,urn:cts:greekLit:tlg5026.e3.hmt:11.307,urn:cts:greekLit:tlg0012.tlg001.e3:11.847@χερσὶ,"IMG",10,urn:cite:hmt:e3bifolio.E3_152v_153r,10

